test_import_json_reports_retention_but_no_installation (test_artifact_cli.ArtifactCliTests.test_import_json_reports_retention_but_no_installation) ... ok
test_list_reports_retained_archive_without_extracting_it (test_artifact_cli.ArtifactCliTests.test_list_reports_retained_archive_without_extracting_it) ... ok
test_modified_archive_returns_three_without_repairing_it (test_artifact_cli.ArtifactCliTests.test_modified_archive_returns_three_without_repairing_it) ... ok
test_unsupported_file_returns_data_error_without_traceback (test_artifact_cli.ArtifactCliTests.test_unsupported_file_returns_data_error_without_traceback) ... ok
test_verify_returns_zero_for_available_and_three_for_missing (test_artifact_cli.ArtifactCliTests.test_verify_returns_zero_for_available_and_three_for_missing) ... ok
test_rejects_absolute_or_parent_traversing_stored_path (test_artifact_serialization.ArtifactSerializationTests.test_rejects_absolute_or_parent_traversing_stored_path) ... ok
test_rejects_identity_that_does_not_match_hash (test_artifact_serialization.ArtifactSerializationTests.test_rejects_identity_that_does_not_match_hash) ... ok
test_round_trip_preserves_portable_identity_and_source_metadata (test_artifact_serialization.ArtifactSerializationTests.test_round_trip_preserves_portable_identity_and_source_metadata) ... ok
test_changed_bytes_create_a_different_artifact (test_artifact_vault.ArchiveVaultImportTests.test_changed_bytes_create_a_different_artifact) ... ok
test_import_copies_source_and_records_hand_checked_sha256 (test_artifact_vault.ArchiveVaultImportTests.test_import_copies_source_and_records_hand_checked_sha256) ... ok
test_metadata_promotion_failure_rolls_back_new_payload (test_artifact_vault.ArchiveVaultImportTests.test_metadata_promotion_failure_rolls_back_new_payload) ... ok
test_same_bytes_under_another_filename_reuse_one_payload (test_artifact_vault.ArchiveVaultImportTests.test_same_bytes_under_another_filename_reuse_one_payload) ... ok
test_source_inspection_failure_is_reported_as_an_import_error (test_artifact_vault.ArchiveVaultImportTests.test_source_inspection_failure_is_reported_as_an_import_error) ... ok
test_unsupported_and_empty_files_create_no_metadata_or_payload (test_artifact_vault.ArchiveVaultImportTests.test_unsupported_and_empty_files_create_no_metadata_or_payload) ... ok
test_changed_payload_is_modified_but_never_repaired (test_artifact_vault.ArchiveVaultVerificationTests.test_changed_payload_is_modified_but_never_repaired) ... ok
test_copy_failure_removes_only_its_staging_file (test_artifact_vault.ArchiveVaultVerificationTests.test_copy_failure_removes_only_its_staging_file) ... ok
test_deleted_payload_is_missing (test_artifact_vault.ArchiveVaultVerificationTests.test_deleted_payload_is_missing) ... ok
test_exact_stored_bytes_are_available (test_artifact_vault.ArchiveVaultVerificationTests.test_exact_stored_bytes_are_available) ... ok
test_get_rejects_malformed_and_reports_unknown_ids (test_artifact_vault.ArchiveVaultVerificationTests.test_get_rejects_malformed_and_reports_unknown_ids) ... ok
test_list_sorts_by_imported_time_then_artifact_id (test_artifact_vault.ArchiveVaultVerificationTests.test_list_sorts_by_imported_time_then_artifact_id) ... ok
test_malformed_metadata_is_not_hidden_from_listing (test_artifact_vault.ArchiveVaultVerificationTests.test_malformed_metadata_is_not_hidden_from_listing) ... ok
test_every_bundled_recipe_loads_and_remains_draft (test_catalogue.BundledCatalogueTests.test_every_bundled_recipe_loads_and_remains_draft) ... ok
test_openmw_draft_uses_openmw_adapter_without_mo2 (test_catalogue.BundledCatalogueTests.test_openmw_draft_uses_openmw_adapter_without_mo2) ... ok
test_skyrim_draft_keeps_play_mods_out_of_foundation (test_catalogue.BundledCatalogueTests.test_skyrim_draft_keeps_play_mods_out_of_foundation) ... ok
test_skyrim_draft_records_current_runtime_and_skse_as_data (test_catalogue.BundledCatalogueTests.test_skyrim_draft_records_current_runtime_and_skse_as_data) ... ok
test_component_without_constraints_has_no_findings (test_checking.CompatibilityCheckingTests.test_component_without_constraints_has_no_findings) ... ok
test_exact_value_is_passed (test_checking.CompatibilityCheckingTests.test_exact_value_is_passed) ... ok
test_matching_target_without_exact_artifact_pin_is_unknown (test_checking.CompatibilityCheckingTests.test_matching_target_without_exact_artifact_pin_is_unknown) ... ok
test_missing_dimension_is_unknown (test_checking.CompatibilityCheckingTests.test_missing_dimension_is_unknown) ... ok
test_proven_wrong_value_is_blocked (test_checking.CompatibilityCheckingTests.test_proven_wrong_value_is_blocked) ... ok
test_list_empty_store_is_read_only_and_machine_readable (test_checkpoint_cli.CheckpointCliTests.test_list_empty_store_is_read_only_and_machine_readable) ... ok
test_malformed_or_unknown_show_returns_checkpoint_error (test_checkpoint_cli.CheckpointCliTests.test_malformed_or_unknown_show_returns_checkpoint_error) ... ok
test_show_returns_exact_checkpoint_without_promoting_it (test_checkpoint_cli.CheckpointCliTests.test_show_returns_exact_checkpoint_without_promoting_it) ... ok
test_verify_available_returns_zero_and_missing_returns_three (test_checkpoint_cli.CheckpointCliTests.test_verify_available_returns_zero_and_missing_returns_three) ... ok
test_checkpoint_id_must_match_canonical_body (test_checkpoint_serialization.CheckpointSerializationTests.test_checkpoint_id_must_match_canonical_body) ... ok
test_mapping_key_order_does_not_change_identity (test_checkpoint_serialization.CheckpointSerializationTests.test_mapping_key_order_does_not_change_identity) ... ok
test_rejects_non_object_or_non_canonical_json_values (test_checkpoint_serialization.CheckpointSerializationTests.test_rejects_non_object_or_non_canonical_json_values) ... ok
test_rejects_unsafe_or_malformed_identities (test_checkpoint_serialization.CheckpointSerializationTests.test_rejects_unsafe_or_malformed_identities) ... ok
test_round_trip_preserves_checkpoint_state_and_identity (test_checkpoint_serialization.CheckpointSerializationTests.test_round_trip_preserves_checkpoint_state_and_identity) ... ok
test_child_requires_existing_parent_in_same_game_store (test_checkpoint_store.CheckpointStoreTests.test_child_requires_existing_parent_in_same_game_store) ... ok
test_create_writes_content_addressed_lockfile_and_detaches_input (test_checkpoint_store.CheckpointStoreTests.test_create_writes_content_addressed_lockfile_and_detaches_input) ... ok
test_identical_draft_reuses_one_checkpoint_but_changed_state_does_not (test_checkpoint_store.CheckpointStoreTests.test_identical_draft_reuses_one_checkpoint_but_changed_state_does_not) ... ok
test_list_sorts_by_creation_time_then_id (test_checkpoint_store.CheckpointStoreTests.test_list_sorts_by_creation_time_then_id) ... ok
test_malformed_lockfile_is_not_hidden_from_listing (test_checkpoint_store.CheckpointStoreTests.test_malformed_lockfile_is_not_hidden_from_listing) ... ok
test_promotion_failure_leaves_no_lockfile_or_staging_file (test_checkpoint_store.CheckpointStoreTests.test_promotion_failure_leaves_no_lockfile_or_staging_file) ... ok
test_deleted_lockfile_is_missing (test_checkpoint_store.CheckpointVerificationTests.test_deleted_lockfile_is_missing) ... ok
test_duplicate_json_key_is_modified_even_when_last_value_is_valid (test_checkpoint_store.CheckpointVerificationTests.test_duplicate_json_key_is_modified_even_when_last_value_is_valid) ... ok
test_exact_canonical_content_is_available (test_checkpoint_store.CheckpointVerificationTests.test_exact_canonical_content_is_available) ... ok
test_formatting_only_change_remains_available (test_checkpoint_store.CheckpointVerificationTests.test_formatting_only_change_remains_available) ... ok
test_malformed_json_is_modified_without_inventing_an_identity (test_checkpoint_store.CheckpointVerificationTests.test_malformed_json_is_modified_without_inventing_an_identity) ... ok
test_semantic_mutation_is_modified_with_recomputed_actual_id (test_checkpoint_store.CheckpointVerificationTests.test_semantic_mutation_is_modified_with_recomputed_actual_id) ... ok
test_blocked_review_returns_three (test_cli.CliTests.test_blocked_review_returns_three) ... ok
test_check_reports_identity_revision_and_no_action (test_cli.CliTests.test_check_reports_identity_revision_and_no_action) ... ok
test_invalid_recipe_returns_data_error (test_cli.CliTests.test_invalid_recipe_returns_data_error) ... ok
test_review_json_has_stable_schema_and_explicit_dependency_proposal (test_cli.CliTests.test_review_json_has_stable_schema_and_explicit_dependency_proposal) ... ok
test_text_review_keeps_unknown_evidence_visible (test_cli.CliTests.test_text_review_keeps_unknown_evidence_visible) ... ok
test_file_loaders_accept_valid_recipe_and_environment (test_loading.RecipeLoadingTests.test_file_loaders_accept_valid_recipe_and_environment) ... ok
test_file_loaders_translate_invalid_json_to_recipe_error (test_loading.RecipeLoadingTests.test_file_loaders_translate_invalid_json_to_recipe_error) ... ok
test_parse_environment_preserves_missing_dimensions_as_missing_evidence (test_loading.RecipeLoadingTests.test_parse_environment_preserves_missing_dimensions_as_missing_evidence) ... ok
test_parse_recipe_keeps_maturity_separate_from_importance (test_loading.RecipeLoadingTests.test_parse_recipe_keeps_maturity_separate_from_importance) ... ok
test_parse_recipe_rejects_dependency_on_unknown_component (test_loading.RecipeLoadingTests.test_parse_recipe_rejects_dependency_on_unknown_component) ... ok
test_parse_recipe_rejects_required_component_disabled_by_default (test_loading.RecipeLoadingTests.test_parse_recipe_rejects_required_component_disabled_by_default) ... ok
test_parse_recipe_rejects_unknown_maturity (test_loading.RecipeLoadingTests.test_parse_recipe_rejects_unknown_maturity) ... ok
test_parse_recipe_retains_optional_version_and_content_hash_pins (test_loading.RecipeLoadingTests.test_parse_recipe_retains_optional_version_and_content_hash_pins) ... ok
test_existing_comparison_records_only_explicitly_allowed_extras (test_mo2_archive.Mo2ArchiveTests.test_existing_comparison_records_only_explicitly_allowed_extras) ... ok
test_existing_comparison_requires_every_package_file (test_mo2_archive.Mo2ArchiveTests.test_existing_comparison_requires_every_package_file) ... ok
test_extract_checks_space_then_uses_exact_confined_arguments (test_mo2_archive.Mo2ArchiveTests.test_extract_checks_space_then_uses_exact_confined_arguments) ... ok
test_inventory_tree_hashes_exact_sorted_rows (test_mo2_archive.Mo2ArchiveTests.test_inventory_tree_hashes_exact_sorted_rows) ... ok
test_low_space_refuses_before_stage_or_extractor (test_mo2_archive.Mo2ArchiveTests.test_low_space_refuses_before_stage_or_extractor) ... ok
test_preflight_rejects_traversal_case_collision_and_links (test_mo2_archive.Mo2ArchiveTests.test_preflight_rejects_traversal_case_collision_and_links) ... ok
test_preflight_uses_argument_arrays_and_accepts_exact_listing (test_mo2_archive.Mo2ArchiveTests.test_preflight_uses_argument_arrays_and_accepts_exact_listing) ... ok
test_adopt_links_package_without_changing_existing_manager (test_mo2_bootstrap_adopt.Mo2BootstrapAdoptTests.test_adopt_links_package_without_changing_existing_manager) ... ok
test_allowed_extra_casing_is_preserved_when_adopted (test_mo2_bootstrap_adopt.Mo2BootstrapAdoptTests.test_allowed_extra_casing_is_preserved_when_adopted) ... ok
test_allowed_python_bytecode_is_recorded_and_adopted (test_mo2_bootstrap_adopt.Mo2BootstrapAdoptTests.test_allowed_python_bytecode_is_recorded_and_adopted) ... ok
test_allowed_root_log_is_recorded_and_adopted (test_mo2_bootstrap_adopt.Mo2BootstrapAdoptTests.test_allowed_root_log_is_recorded_and_adopted) ... ok
test_archive_change_after_plan_refuses_before_job (test_mo2_bootstrap_adopt.Mo2BootstrapAdoptTests.test_archive_change_after_plan_refuses_before_job) ... ok
test_cleanup_failure_leaves_verified_receipt_and_manager_unchanged (test_mo2_bootstrap_adopt.Mo2BootstrapAdoptTests.test_cleanup_failure_leaves_verified_receipt_and_manager_unchanged) ... ok
test_cleanup_refuses_a_file_swapped_after_snapshot (test_mo2_bootstrap_adopt.Mo2BootstrapAdoptTests.test_cleanup_refuses_a_file_swapped_after_snapshot) ... ok
test_cleanup_refuses_an_entry_ancestor_that_becomes_redirected (test_mo2_bootstrap_adopt.Mo2BootstrapAdoptTests.test_cleanup_refuses_an_entry_ancestor_that_becomes_redirected) ... ok
test_extractor_failure_preserves_manager_and_requires_recovery (test_mo2_bootstrap_adopt.Mo2BootstrapAdoptTests.test_extractor_failure_preserves_manager_and_requires_recovery) ... ok
test_generated_nxmhandler_settings_are_recorded_and_adopted (test_mo2_bootstrap_adopt.Mo2BootstrapAdoptTests.test_generated_nxmhandler_settings_are_recorded_and_adopted) ... ok
test_journal_failure_preserves_manager_and_requires_recovery (test_mo2_bootstrap_adopt.Mo2BootstrapAdoptTests.test_journal_failure_preserves_manager_and_requires_recovery) ... ok
test_late_executable_version_mismatch_blocks_receipt (test_mo2_bootstrap_adopt.Mo2BootstrapAdoptTests.test_late_executable_version_mismatch_blocks_receipt) ... ok
test_manager_mutation_observation_requires_recovery_without_writing_manager (test_mo2_bootstrap_adopt.Mo2BootstrapAdoptTests.test_manager_mutation_observation_requires_recovery_without_writing_manager) ... ok
test_missing_package_file_blocks_before_apply (test_mo2_bootstrap_adopt.Mo2BootstrapAdoptTests.test_missing_package_file_blocks_before_apply) ... ok
test_modified_package_file_is_refused_without_manager_writes (test_mo2_bootstrap_adopt.Mo2BootstrapAdoptTests.test_modified_package_file_is_refused_without_manager_writes) ... ok
test_planned_running_process_may_be_closed_before_apply (test_mo2_bootstrap_adopt.Mo2BootstrapAdoptTests.test_planned_running_process_may_be_closed_before_apply) ... ok
test_preexisting_valid_receipt_is_a_write_free_noop (test_mo2_bootstrap_adopt.Mo2BootstrapAdoptTests.test_preexisting_valid_receipt_is_a_write_free_noop) ... ok
test_receipt_write_failure_preserves_manager_and_requires_recovery (test_mo2_bootstrap_adopt.Mo2BootstrapAdoptTests.test_receipt_write_failure_preserves_manager_and_requires_recovery) ... ok
test_redirected_package_file_refuses_before_job (test_mo2_bootstrap_adopt.Mo2BootstrapAdoptTests.test_redirected_package_file_refuses_before_job) ... skipped "symbolic links unavailable: [WinError 1314] A required privilege is not held by the client: 'C:\\\\Users\\\\red\\\\Desktop\\\\Modlab\\\\.worktrees\\\\mo2-guard-bridge-handshake\\\\nt\\\\tmpk_xyel7p\\\\outside.dat' -> 'C:\\\\Users\\\\red\\\\Desktop\\\\Modlab\\\\.worktrees\\\\mo2-guard-bridge-handshake\\\\nt\\\\tmpk_xyel7p\\\\ModLab\\\\workspace\\\\tools\\\\mo2\\\\skyrim-se-ae\\\\app\\\\resources\\\\base.dat'"
test_repeated_apply_returns_existing_receipt_without_new_job_or_extract (test_mo2_bootstrap_adopt.Mo2BootstrapAdoptTests.test_repeated_apply_returns_existing_receipt_without_new_job_or_extract) ... ok
test_running_target_process_refuses_before_job_or_stage (test_mo2_bootstrap_adopt.Mo2BootstrapAdoptTests.test_running_target_process_refuses_before_job_or_stage) ... ok
test_target_change_after_plan_refuses_before_job (test_mo2_bootstrap_adopt.Mo2BootstrapAdoptTests.test_target_change_after_plan_refuses_before_job) ... ok
test_apply_and_recover_dispatch_render_service_results (test_mo2_bootstrap_cli.Mo2BootstrapCliTests.test_apply_and_recover_dispatch_render_service_results) ... ok
test_apply_rejects_steam_root_without_calling_service (test_mo2_bootstrap_cli.Mo2BootstrapCliTests.test_apply_rejects_steam_root_without_calling_service) ... ok
test_artifact_and_apply_are_mutually_exclusive (test_mo2_bootstrap_cli.Mo2BootstrapCliTests.test_artifact_and_apply_are_mutually_exclusive) ... usage: modlab skyrim mo2 setup [-h] (--artifact ARTIFACT | --apply PLAN_ID)
                               [--steam-root STEAM_ROOT]
                               [--workspace WORKSPACE] [--format {text,json}]
modlab skyrim mo2 setup: error: argument --apply: not allowed with argument --artifact
ok
test_blocked_preview_and_safe_refusals_use_exit_three (test_mo2_bootstrap_cli.Mo2BootstrapCliTests.test_blocked_preview_and_safe_refusals_use_exit_three) ... ok
test_create_and_adopt_report_a_journal_promoted_before_reload_failure (test_mo2_bootstrap_cli.Mo2BootstrapCliTests.test_create_and_adopt_report_a_journal_promoted_before_reload_failure) ... ok
test_create_and_adopt_report_a_receipt_promoted_before_reload_failure (test_mo2_bootstrap_cli.Mo2BootstrapCliTests.test_create_and_adopt_report_a_receipt_promoted_before_reload_failure) ... ok
test_expected_apply_refusals_are_clean_action_free_results (test_mo2_bootstrap_cli.Mo2BootstrapCliTests.test_expected_apply_refusals_are_clean_action_free_results) ... ok
test_invalid_schema_and_unsupported_release_exit_two (test_mo2_bootstrap_cli.Mo2BootstrapCliTests.test_invalid_schema_and_unsupported_release_exit_two) ... ok
test_invalid_typed_identifiers_exit_two_without_service_calls (test_mo2_bootstrap_cli.Mo2BootstrapCliTests.test_invalid_typed_identifiers_exit_two_without_service_calls) ... ok
test_parser_has_exact_preview_apply_and_recover_tree (test_mo2_bootstrap_cli.Mo2BootstrapCliTests.test_parser_has_exact_preview_apply_and_recover_tree) ... ok
test_preview_dispatch_and_steam_fallback (test_mo2_bootstrap_cli.Mo2BootstrapCliTests.test_preview_dispatch_and_steam_fallback) ... ok
test_real_changed_precondition_reports_completed_archive_actions (test_mo2_bootstrap_cli.Mo2BootstrapCliTests.test_real_changed_precondition_reports_completed_archive_actions) ... ok
test_real_post_activation_refusal_reports_recovery_job_and_actions (test_mo2_bootstrap_cli.Mo2BootstrapCliTests.test_real_post_activation_refusal_reports_recovery_job_and_actions) ... ok
test_real_post_quarantine_failure_reports_both_recovery_paths (test_mo2_bootstrap_cli.Mo2BootstrapCliTests.test_real_post_quarantine_failure_reports_both_recovery_paths) ... ok
test_unexpected_service_exception_remains_visible (test_mo2_bootstrap_cli.Mo2BootstrapCliTests.test_unexpected_service_exception_remains_visible) ... ok
test_already_managed_apply_is_an_honest_no_op (test_mo2_bootstrap_cli.Mo2BootstrapRenderingTests.test_already_managed_apply_is_an_honest_no_op) ... ok
test_apply_json_exposes_exact_journal_receipt_and_actions (test_mo2_bootstrap_cli.Mo2BootstrapRenderingTests.test_apply_json_exposes_exact_journal_receipt_and_actions) ... ok
test_preview_json_has_complete_evidence_and_only_plan_write (test_mo2_bootstrap_cli.Mo2BootstrapRenderingTests.test_preview_json_has_complete_evidence_and_only_plan_write) ... ok
test_real_adopt_and_already_managed_results_are_manager_no_ops (test_mo2_bootstrap_cli.Mo2BootstrapRenderingTests.test_real_adopt_and_already_managed_results_are_manager_no_ops) ... ok
test_real_create_result_satisfies_renderer_contract (test_mo2_bootstrap_cli.Mo2BootstrapRenderingTests.test_real_create_result_satisfies_renderer_contract) ... ok
test_real_finalized_recovery_satisfies_renderer_contract (test_mo2_bootstrap_cli.Mo2BootstrapRenderingTests.test_real_finalized_recovery_satisfies_renderer_contract) ... ok
test_recovery_json_and_text_report_recovered_without_invented_actions (test_mo2_bootstrap_cli.Mo2BootstrapRenderingTests.test_recovery_json_and_text_report_recovered_without_invented_actions) ... ok
test_text_leads_with_outcome_and_ends_with_precise_launch_claim (test_mo2_bootstrap_cli.Mo2BootstrapRenderingTests.test_text_leads_with_outcome_and_ends_with_precise_launch_claim) ... ok
test_verified_recovery_text_reports_the_receipt_mode (test_mo2_bootstrap_cli.Mo2BootstrapRenderingTests.test_verified_recovery_text_reports_the_receipt_mode) ... ok
test_absent_target_and_workspace_init_skeleton_are_empty_without_writes (test_mo2_bootstrap_config.Mo2BootstrapConfigTests.test_absent_target_and_workspace_init_skeleton_are_empty_without_writes) ... ok
test_generated_contained_instance_projects_ready (test_mo2_bootstrap_config.Mo2BootstrapConfigTests.test_generated_contained_instance_projects_ready) ... ok
test_modorganizer_ini_is_minimal_deterministic_and_strictly_readable (test_mo2_bootstrap_config.Mo2BootstrapConfigTests.test_modorganizer_ini_is_minimal_deterministic_and_strictly_readable) ... ok
test_nonregular_ini_and_source_drift_block (test_mo2_bootstrap_config.Mo2BootstrapConfigTests.test_nonregular_ini_and_source_drift_block) ... ok
test_observed_seed_round_trips_through_strict_bootstrap_plan (test_mo2_bootstrap_config.Mo2BootstrapConfigTests.test_observed_seed_round_trips_through_strict_bootstrap_plan) ... ok
test_rendered_profiles_are_equal_exact_and_never_include_saves (test_mo2_bootstrap_config.Mo2BootstrapConfigTests.test_rendered_profiles_are_equal_exact_and_never_include_saves) ... ok
test_reusing_observation_read_set_cannot_hide_source_drift (test_mo2_bootstrap_config.Mo2BootstrapConfigTests.test_reusing_observation_read_set_cannot_hide_source_drift) ... ok
test_staged_configuration_uses_exclusive_writes_and_returns_delta (test_mo2_bootstrap_config.Mo2BootstrapConfigTests.test_staged_configuration_uses_exclusive_writes_and_returns_delta) ... ok
test_unknown_target_file_is_blocked_and_existing_executable_is_bounded (test_mo2_bootstrap_config.Mo2BootstrapConfigTests.test_unknown_target_file_is_blocked_and_existing_executable_is_bounded) ... ok
test_absent_target_is_created_without_inventing_a_prior (test_mo2_bootstrap_create.Mo2BootstrapCreateTests.test_absent_target_is_created_without_inventing_a_prior) ... ok
test_archive_change_during_extraction_preserves_exact_target (test_mo2_bootstrap_create.Mo2BootstrapCreateTests.test_archive_change_during_extraction_preserves_exact_target) ... ok
test_create_activates_exact_contained_ready_instance (test_mo2_bootstrap_create.Mo2BootstrapCreateTests.test_create_activates_exact_contained_ready_instance) ... ok
test_extraction_failure_preserves_exact_target (test_mo2_bootstrap_create.Mo2BootstrapCreateTests.test_extraction_failure_preserves_exact_target) ... ok
test_failure_activating_stage_restores_exact_target (test_mo2_bootstrap_create.Mo2BootstrapCreateTests.test_failure_activating_stage_restores_exact_target) ... ok
test_failure_preserving_prior_leaves_exact_target (test_mo2_bootstrap_create.Mo2BootstrapCreateTests.test_failure_preserving_prior_leaves_exact_target) ... ok
test_final_verification_byte_drift_requires_recovery (test_mo2_bootstrap_create.Mo2BootstrapCreateTests.test_final_verification_byte_drift_requires_recovery) ... ok
test_generated_config_collision_preserves_exact_target (test_mo2_bootstrap_create.Mo2BootstrapCreateTests.test_generated_config_collision_preserves_exact_target) ... ok
test_insufficient_staging_space_preserves_exact_target (test_mo2_bootstrap_create.Mo2BootstrapCreateTests.test_insufficient_staging_space_preserves_exact_target) ... ok
test_journal_failure_before_activation_preserves_exact_target (test_mo2_bootstrap_create.Mo2BootstrapCreateTests.test_journal_failure_before_activation_preserves_exact_target) ... ok
test_post_activation_scanner_block_leaves_recovery_evidence (test_mo2_bootstrap_create.Mo2BootstrapCreateTests.test_post_activation_scanner_block_leaves_recovery_evidence) ... ok
test_prior_appearing_during_preserve_rehash_is_not_overwritten (test_mo2_bootstrap_create.Mo2BootstrapCreateTests.test_prior_appearing_during_preserve_rehash_is_not_overwritten) ... ok
test_process_start_at_activation_boundary_preserves_exact_target (test_mo2_bootstrap_create.Mo2BootstrapCreateTests.test_process_start_at_activation_boundary_preserves_exact_target) ... ok
test_profile_source_drift_during_render_preserves_exact_target (test_mo2_bootstrap_create.Mo2BootstrapCreateTests.test_profile_source_drift_during_render_preserves_exact_target) ... ok
test_receipt_failure_leaves_activated_recovery_evidence (test_mo2_bootstrap_create.Mo2BootstrapCreateTests.test_receipt_failure_leaves_activated_recovery_evidence) ... ok
test_redirected_activation_ancestor_refuses_before_any_rename (test_mo2_bootstrap_create.Mo2BootstrapCreateTests.test_redirected_activation_ancestor_refuses_before_any_rename) ... ok
test_stage_collision_refuses_without_changing_target (test_mo2_bootstrap_create.Mo2BootstrapCreateTests.test_stage_collision_refuses_without_changing_target) ... ok
test_target_appearing_after_stage_rehash_is_not_overwritten (test_mo2_bootstrap_create.Mo2BootstrapCreateTests.test_target_appearing_after_stage_rehash_is_not_overwritten) ... ok
test_target_appearing_during_rollback_rehash_is_not_overwritten (test_mo2_bootstrap_create.Mo2BootstrapCreateTests.test_target_appearing_during_rollback_rehash_is_not_overwritten) ... ok
test_target_changed_after_plan_refuses_before_job (test_mo2_bootstrap_create.Mo2BootstrapCreateTests.test_target_changed_after_plan_refuses_before_job) ... ok
test_bootstrap_inventory_accepts_only_the_exact_receipted_overlay (test_mo2_bootstrap_inventory.Mo2BootstrapInventoryTests.test_bootstrap_inventory_accepts_only_the_exact_receipted_overlay) ... ok
test_bridge_receipt_must_bind_an_explicit_bootstrap_receipt (test_mo2_bootstrap_inventory.Mo2BootstrapInventoryTests.test_bridge_receipt_must_bind_an_explicit_bootstrap_receipt) ... ok
test_overlay_presence_and_package_identity_fail_closed (test_mo2_bootstrap_inventory.Mo2BootstrapInventoryTests.test_overlay_presence_and_package_identity_fail_closed) ... ok
test_active_job_stage_collision_requires_recovery (test_mo2_bootstrap_planning.Mo2BootstrapPlanningTests.test_active_job_stage_collision_requires_recovery) ... ok
test_archive_listing_drift_refuses_without_plan (test_mo2_bootstrap_planning.Mo2BootstrapPlanningTests.test_archive_listing_drift_refuses_without_plan) ... ok
test_blocked_selected_baseline_retains_blocked_plan (test_mo2_bootstrap_planning.Mo2BootstrapPlanningTests.test_blocked_selected_baseline_retains_blocked_plan) ... ok
test_conflicting_configured_steam_root_refuses_without_plan (test_mo2_bootstrap_planning.Mo2BootstrapPlanningTests.test_conflicting_configured_steam_root_refuses_without_plan) ... ok
test_drifted_selected_baseline_retains_blocked_plan (test_mo2_bootstrap_planning.Mo2BootstrapPlanningTests.test_drifted_selected_baseline_retains_blocked_plan) ... ok
test_empty_target_plans_create_and_writes_only_plan (test_mo2_bootstrap_planning.Mo2BootstrapPlanningTests.test_empty_target_plans_create_and_writes_only_plan) ... ok
test_existing_projection_and_wrong_executable_each_block (test_mo2_bootstrap_planning.Mo2BootstrapPlanningTests.test_existing_projection_and_wrong_executable_each_block) ... ok
test_extractor_change_during_stability_reread_refuses_without_plan (test_mo2_bootstrap_planning.Mo2BootstrapPlanningTests.test_extractor_change_during_stability_reread_refuses_without_plan) ... ok
test_extractor_launch_oserror_is_a_stable_refusal (test_mo2_bootstrap_planning.Mo2BootstrapPlanningTests.test_extractor_launch_oserror_is_a_stable_refusal) ... ok
test_failed_extractor_identity_refuses_without_plan (test_mo2_bootstrap_planning.Mo2BootstrapPlanningTests.test_failed_extractor_identity_refuses_without_plan) ... ok
test_generated_nxmhandler_settings_are_a_known_adoption_extra (test_mo2_bootstrap_planning.Mo2BootstrapPlanningTests.test_generated_nxmhandler_settings_are_a_known_adoption_extra) ... ok
test_immutable_package_drift_prevents_already_managed (test_mo2_bootstrap_planning.Mo2BootstrapPlanningTests.test_immutable_package_drift_prevents_already_managed) ... ok
test_invalid_journal_and_orphan_stage_each_retain_blocked_plan (test_mo2_bootstrap_planning.Mo2BootstrapPlanningTests.test_invalid_journal_and_orphan_stage_each_retain_blocked_plan) ... ok
test_invalid_skyrim_ccc_refuses_without_plan (test_mo2_bootstrap_planning.Mo2BootstrapPlanningTests.test_invalid_skyrim_ccc_refuses_without_plan) ... ok
test_low_disk_space_retains_a_coherent_blocked_plan (test_mo2_bootstrap_planning.Mo2BootstrapPlanningTests.test_low_disk_space_retains_a_coherent_blocked_plan) ... ok
test_malformed_receipt_retains_blocked_plan (test_mo2_bootstrap_planning.Mo2BootstrapPlanningTests.test_malformed_receipt_retains_blocked_plan) ... ok
test_manager_change_during_stability_reread_refuses_without_plan (test_mo2_bootstrap_planning.Mo2BootstrapPlanningTests.test_manager_change_during_stability_reread_refuses_without_plan) ... ok
test_missing_archive_payload_refuses_without_plan (test_mo2_bootstrap_planning.Mo2BootstrapPlanningTests.test_missing_archive_payload_refuses_without_plan) ... ok
test_missing_explicit_steam_root_refuses_without_plan (test_mo2_bootstrap_planning.Mo2BootstrapPlanningTests.test_missing_explicit_steam_root_refuses_without_plan) ... ok
test_missing_extractor_refuses_without_plan (test_mo2_bootstrap_planning.Mo2BootstrapPlanningTests.test_missing_extractor_refuses_without_plan) ... ok
test_missing_primary_master_refuses_without_plan (test_mo2_bootstrap_planning.Mo2BootstrapPlanningTests.test_missing_primary_master_refuses_without_plan) ... ok
test_modified_archive_refuses_without_plan (test_mo2_bootstrap_planning.Mo2BootstrapPlanningTests.test_modified_archive_refuses_without_plan) ... ok
test_nested_archive_redirect_is_refused_before_reading_payload (test_mo2_bootstrap_planning.Mo2BootstrapPlanningTests.test_nested_archive_redirect_is_refused_before_reading_payload) ... ok
test_new_malformed_receipt_on_stability_reread_refuses_without_plan (test_mo2_bootstrap_planning.Mo2BootstrapPlanningTests.test_new_malformed_receipt_on_stability_reread_refuses_without_plan) ... ok
test_new_unknown_manager_extra_blocks_before_apply (test_mo2_bootstrap_planning.Mo2BootstrapPlanningTests.test_new_unknown_manager_extra_blocks_before_apply) ... ok
test_ready_existing_target_plans_adopt_even_when_process_close_is_required (test_mo2_bootstrap_planning.Mo2BootstrapPlanningTests.test_ready_existing_target_plans_adopt_even_when_process_close_is_required) ... ok
test_receipt_change_during_stability_reread_refuses_without_plan (test_mo2_bootstrap_planning.Mo2BootstrapPlanningTests.test_receipt_change_during_stability_reread_refuses_without_plan) ... ok
test_redirected_ini_refuses_without_plan (test_mo2_bootstrap_planning.Mo2BootstrapPlanningTests.test_redirected_ini_refuses_without_plan) ... skipped "symbolic links unavailable: [WinError 1314] A required privilege is not held by the client: 'C:\\\\Users\\\\red\\\\Desktop\\\\Modlab\\\\.worktrees\\\\mo2-guard-bridge-handshake\\\\nt\\\\tmp0smfwf8r\\\\outside.ini' -> 'C:\\\\Users\\\\red\\\\Desktop\\\\Modlab\\\\.worktrees\\\\mo2-guard-bridge-handshake\\\\nt\\\\tmp0smfwf8r\\\\Documents\\\\My Games\\\\Skyrim Special Edition\\\\SkyrimCustom.ini'"
test_redirected_workspace_refuses_without_plan (test_mo2_bootstrap_planning.Mo2BootstrapPlanningTests.test_redirected_workspace_refuses_without_plan) ... skipped "symbolic links unavailable: [WinError 1314] A required privilege is not held by the client: 'C:\\\\Users\\\\red\\\\Desktop\\\\Modlab\\\\.worktrees\\\\mo2-guard-bridge-handshake\\\\nt\\\\tmpdht6dzqf\\\\ModLab\\\\workspace' -> 'C:\\\\Users\\\\red\\\\Desktop\\\\Modlab\\\\.worktrees\\\\mo2-guard-bridge-handshake\\\\nt\\\\tmpdht6dzqf\\\\workspace-link'"
test_release_and_artifact_descriptor_mismatch_refuses_without_plan (test_mo2_bootstrap_planning.Mo2BootstrapPlanningTests.test_release_and_artifact_descriptor_mismatch_refuses_without_plan) ... ok
test_same_inputs_return_same_plan_id_and_bytes (test_mo2_bootstrap_planning.Mo2BootstrapPlanningTests.test_same_inputs_return_same_plan_id_and_bytes) ... ok
test_seed_change_during_stability_reread_refuses_without_plan (test_mo2_bootstrap_planning.Mo2BootstrapPlanningTests.test_seed_change_during_stability_reread_refuses_without_plan) ... ok
test_target_change_during_stability_reread_refuses_without_plan (test_mo2_bootstrap_planning.Mo2BootstrapPlanningTests.test_target_change_during_stability_reread_refuses_without_plan) ... ok
test_unknown_nonempty_target_retains_blocked_plan (test_mo2_bootstrap_planning.Mo2BootstrapPlanningTests.test_unknown_nonempty_target_retains_blocked_plan) ... ok
test_unknown_process_observation_retains_blocked_plan (test_mo2_bootstrap_planning.Mo2BootstrapPlanningTests.test_unknown_process_observation_retains_blocked_plan) ... ok
test_unknown_skyrim_runtime_refuses_without_plan (test_mo2_bootstrap_planning.Mo2BootstrapPlanningTests.test_unknown_skyrim_runtime_refuses_without_plan) ... ok
test_unsafe_archive_listing_refuses_without_plan (test_mo2_bootstrap_planning.Mo2BootstrapPlanningTests.test_unsafe_archive_listing_refuses_without_plan) ... ok
test_unsafe_existing_package_path_blocks_instead_of_downgrading_to_adopt (test_mo2_bootstrap_planning.Mo2BootstrapPlanningTests.test_unsafe_existing_package_path_blocks_instead_of_downgrading_to_adopt) ... ok
test_unsupported_release_refuses_without_plan (test_mo2_bootstrap_planning.Mo2BootstrapPlanningTests.test_unsupported_release_refuses_without_plan) ... ok
test_verified_matching_receipt_is_already_managed_but_profile_drift_is_adopt (test_mo2_bootstrap_planning.Mo2BootstrapPlanningTests.test_verified_matching_receipt_is_already_managed_but_profile_drift_is_adopt) ... ok
test_verified_receipt_with_low_space_remains_already_managed (test_mo2_bootstrap_planning.Mo2BootstrapPlanningTests.test_verified_receipt_with_low_space_remains_already_managed) ... ok
test_activated_valid_target_is_finalized (test_mo2_bootstrap_recovery.Mo2BootstrapRecoveryTests.test_activated_valid_target_is_finalized) ... ok
test_active_target_with_recreated_stage_collision_is_untouched (test_mo2_bootstrap_recovery.Mo2BootstrapRecoveryTests.test_active_target_with_recreated_stage_collision_is_untouched) ... ok
test_adopt_recovery_quarantines_stage_without_changing_manager (test_mo2_bootstrap_recovery.Mo2BootstrapRecoveryTests.test_adopt_recovery_quarantines_stage_without_changing_manager) ... ok
test_applying_without_activation_restores_exact_empty_target (test_mo2_bootstrap_recovery.Mo2BootstrapRecoveryTests.test_applying_without_activation_restores_exact_empty_target) ... ok
test_changed_journal_is_rejected_without_moving_any_tree (test_mo2_bootstrap_recovery.Mo2BootstrapRecoveryTests.test_changed_journal_is_rejected_without_moving_any_tree) ... ok
test_changed_plan_is_rejected_without_moving_any_tree (test_mo2_bootstrap_recovery.Mo2BootstrapRecoveryTests.test_changed_plan_is_rejected_without_moving_any_tree) ... ok
test_changed_verified_receipt_is_rejected (test_mo2_bootstrap_recovery.Mo2BootstrapRecoveryTests.test_changed_verified_receipt_is_rejected) ... ok
test_cleanup_failure_leaves_verified_receipt_and_is_retryable (test_mo2_bootstrap_recovery.Mo2BootstrapRecoveryTests.test_cleanup_failure_leaves_verified_receipt_and_is_retryable) ... ok
test_crash_after_activation_rename_is_finalized_from_applying_evidence (test_mo2_bootstrap_recovery.Mo2BootstrapRecoveryTests.test_crash_after_activation_rename_is_finalized_from_applying_evidence) ... ok
test_exact_but_unready_activation_is_quarantined_and_prior_restored (test_mo2_bootstrap_recovery.Mo2BootstrapRecoveryTests.test_exact_but_unready_activation_is_quarantined_and_prior_restored) ... ok
test_manager_ancestry_change_after_active_observation_blocks_finalization (test_mo2_bootstrap_recovery.Mo2BootstrapRecoveryTests.test_manager_ancestry_change_after_active_observation_blocks_finalization) ... ok
test_manager_ancestry_change_after_stage_quarantine_blocks_recovered (test_mo2_bootstrap_recovery.Mo2BootstrapRecoveryTests.test_manager_ancestry_change_after_stage_quarantine_blocks_recovered) ... ok
test_missing_prior_blocks_applying_recovery_without_moving_stage (test_mo2_bootstrap_recovery.Mo2BootstrapRecoveryTests.test_missing_prior_blocks_applying_recovery_without_moving_stage) ... ok
test_modified_activated_target_is_left_untouched (test_mo2_bootstrap_recovery.Mo2BootstrapRecoveryTests.test_modified_activated_target_is_left_untouched) ... ok
test_modified_staged_tree_is_left_untouched (test_mo2_bootstrap_recovery.Mo2BootstrapRecoveryTests.test_modified_staged_tree_is_left_untouched) ... ok
test_orphan_receipt_is_reused_after_verified_journal_failure (test_mo2_bootstrap_recovery.Mo2BootstrapRecoveryTests.test_orphan_receipt_is_reused_after_verified_journal_failure) ... ok
test_partial_known_prior_cleanup_resumes_after_restart (test_mo2_bootstrap_recovery.Mo2BootstrapRecoveryTests.test_partial_known_prior_cleanup_resumes_after_restart) ... ok
test_partial_staging_without_inventory_is_left_untouched (test_mo2_bootstrap_recovery.Mo2BootstrapRecoveryTests.test_partial_staging_without_inventory_is_left_untouched) ... ok
test_planned_job_does_not_claim_an_unexpected_stage_path (test_mo2_bootstrap_recovery.Mo2BootstrapRecoveryTests.test_planned_job_does_not_claim_an_unexpected_stage_path) ... ok
test_receipt_failure_is_retryable_from_recovery_required (test_mo2_bootstrap_recovery.Mo2BootstrapRecoveryTests.test_receipt_failure_is_retryable_from_recovery_required) ... ok
test_recovered_adopt_orphan_receipt_does_not_poison_replanning (test_mo2_bootstrap_recovery.Mo2BootstrapRecoveryTests.test_recovered_adopt_orphan_receipt_does_not_poison_replanning) ... ok
test_recovery_service_is_publicly_exported (test_mo2_bootstrap_recovery.Mo2BootstrapRecoveryTests.test_recovery_service_is_publicly_exported) ... ok
test_restore_rename_failure_is_retryable_from_filesystem_evidence (test_mo2_bootstrap_recovery.Mo2BootstrapRecoveryTests.test_restore_rename_failure_is_retryable_from_filesystem_evidence) ... ok
test_running_process_blocks_recovery_before_manager_changes (test_mo2_bootstrap_recovery.Mo2BootstrapRecoveryTests.test_running_process_blocks_recovery_before_manager_changes) ... ok
test_stage_quarantine_survives_journal_failure_and_retries (test_mo2_bootstrap_recovery.Mo2BootstrapRecoveryTests.test_stage_quarantine_survives_journal_failure_and_retries) ... ok
test_staged_job_quarantines_only_the_exact_recorded_stage (test_mo2_bootstrap_recovery.Mo2BootstrapRecoveryTests.test_staged_job_quarantines_only_the_exact_recorded_stage) ... ok
test_target_change_during_stage_quarantine_is_not_marked_recovered (test_mo2_bootstrap_recovery.Mo2BootstrapRecoveryTests.test_target_change_during_stage_quarantine_is_not_marked_recovered) ... ok
test_unexpected_nonempty_target_remains_recovery_required (test_mo2_bootstrap_recovery.Mo2BootstrapRecoveryTests.test_unexpected_nonempty_target_remains_recovery_required) ... ok
test_unrecorded_empty_directory_blocks_activated_finalization (test_mo2_bootstrap_recovery.Mo2BootstrapRecoveryTests.test_unrecorded_empty_directory_blocks_activated_finalization) ... ok
test_verified_journal_rejects_canonical_receipt_with_wrong_mode (test_mo2_bootstrap_recovery.Mo2BootstrapRecoveryTests.test_verified_journal_rejects_canonical_receipt_with_wrong_mode) ... ok
test_canonical_documents_are_sorted_utf8_with_one_trailing_newline (test_mo2_bootstrap_serialization.BootstrapSerializationTests.test_canonical_documents_are_sorted_utf8_with_one_trailing_newline) ... ok
test_every_document_rejects_duplicates_saves_and_extra_fields (test_mo2_bootstrap_serialization.BootstrapSerializationTests.test_every_document_rejects_duplicates_saves_and_extra_fields) ... ok
test_job_identity_and_state_transition_fields_round_trip (test_mo2_bootstrap_serialization.BootstrapSerializationTests.test_job_identity_and_state_transition_fields_round_trip) ... ok
test_journal_prior_kind_matches_create_or_adopt_disposition (test_mo2_bootstrap_serialization.BootstrapSerializationTests.test_journal_prior_kind_matches_create_or_adopt_disposition) ... ok
test_plan_identity_excludes_no_fields_except_its_derived_id (test_mo2_bootstrap_serialization.BootstrapSerializationTests.test_plan_identity_excludes_no_fields_except_its_derived_id) ... ok
test_plan_rejects_unsafe_plugin_name_and_nonsemantic_ini_order (test_mo2_bootstrap_serialization.BootstrapSerializationTests.test_plan_rejects_unsafe_plugin_name_and_nonsemantic_ini_order) ... ok
test_receipt_identity_covers_package_extras_and_profiles (test_mo2_bootstrap_serialization.BootstrapSerializationTests.test_receipt_identity_covers_package_extras_and_profiles) ... ok
test_adopt_can_verify_without_apply_or_activation_states (test_mo2_bootstrap_store.Mo2BootstrapStoreTests.test_adopt_can_verify_without_apply_or_activation_states) ... ok
test_cleanup_failure_does_not_damage_or_hide_promoted_document (test_mo2_bootstrap_store.Mo2BootstrapStoreTests.test_cleanup_failure_does_not_damage_or_hide_promoted_document) ... ok
test_concurrent_stale_journal_writer_cannot_promote (test_mo2_bootstrap_store.Mo2BootstrapStoreTests.test_concurrent_stale_journal_writer_cannot_promote) ... ok
test_create_and_adopt_state_machines_allow_only_declared_edges (test_mo2_bootstrap_store.Mo2BootstrapStoreTests.test_create_and_adopt_state_machines_allow_only_declared_edges) ... ok
test_create_can_advance_through_apply_and_activation_only_with_receipt (test_mo2_bootstrap_store.Mo2BootstrapStoreTests.test_create_can_advance_through_apply_and_activation_only_with_receipt) ... ok
test_create_job_derives_confined_paths_and_durably_records_planned (test_mo2_bootstrap_store.Mo2BootstrapStoreTests.test_create_job_derives_confined_paths_and_durably_records_planned) ... ok
test_create_job_records_existing_prior_snapshot_for_adopt (test_mo2_bootstrap_store.Mo2BootstrapStoreTests.test_create_job_records_existing_prior_snapshot_for_adopt) ... ok
test_create_job_requires_exact_stored_plan_and_usable_disposition (test_mo2_bootstrap_store.Mo2BootstrapStoreTests.test_create_job_requires_exact_stored_plan_and_usable_disposition) ... ok
test_duplicate_job_identity_is_never_reused (test_mo2_bootstrap_store.Mo2BootstrapStoreTests.test_duplicate_job_identity_is_never_reused) ... ok
test_failed_initial_journal_promotion_removes_only_its_new_empty_job (test_mo2_bootstrap_store.Mo2BootstrapStoreTests.test_failed_initial_journal_promotion_removes_only_its_new_empty_job) ... ok
test_find_compatible_receipt_filters_verified_evidence_and_never_hides_damage (test_mo2_bootstrap_store.Mo2BootstrapStoreTests.test_find_compatible_receipt_filters_verified_evidence_and_never_hides_damage) ... ok
test_immutable_race_never_overwrites_bytes_that_appear_at_target (test_mo2_bootstrap_store.Mo2BootstrapStoreTests.test_immutable_race_never_overwrites_bytes_that_appear_at_target) ... ok
test_initial_journal_validation_failure_preserves_promotion_evidence (test_mo2_bootstrap_store.Mo2BootstrapStoreTests.test_initial_journal_validation_failure_preserves_promotion_evidence) ... ok
test_load_plan_requires_exact_canonical_bytes_and_matching_filename (test_mo2_bootstrap_store.Mo2BootstrapStoreTests.test_load_plan_requires_exact_canonical_bytes_and_matching_filename) ... ok
test_matching_receipt_without_verified_journal_requires_recovery (test_mo2_bootstrap_store.Mo2BootstrapStoreTests.test_matching_receipt_without_verified_journal_requires_recovery) ... ok
test_missing_or_invalid_plan_identity_never_becomes_a_path (test_mo2_bootstrap_store.Mo2BootstrapStoreTests.test_missing_or_invalid_plan_identity_never_becomes_a_path) ... ok
test_plan_for_another_workspace_is_never_stored (test_mo2_bootstrap_store.Mo2BootstrapStoreTests.test_plan_for_another_workspace_is_never_stored) ... ok
test_plan_is_content_addressed_idempotent_and_conflict_safe (test_mo2_bootstrap_store.Mo2BootstrapStoreTests.test_plan_is_content_addressed_idempotent_and_conflict_safe) ... ok
test_post_promotion_disappearance_preserves_record_identity (test_mo2_bootstrap_store.Mo2BootstrapStoreTests.test_post_promotion_disappearance_preserves_record_identity) ... ok
test_pre_promotion_failure_leaves_no_target_or_part_file (test_mo2_bootstrap_store.Mo2BootstrapStoreTests.test_pre_promotion_failure_leaves_no_target_or_part_file) ... ok
test_promotion_failure_preserves_old_journal_and_cleans_part (test_mo2_bootstrap_store.Mo2BootstrapStoreTests.test_promotion_failure_preserves_old_journal_and_cleans_part) ... ok
test_receipt_is_content_addressed_immutable_and_strictly_loaded (test_mo2_bootstrap_store.Mo2BootstrapStoreTests.test_receipt_is_content_addressed_immutable_and_strictly_loaded) ... ok
test_receipt_read_failure_preserves_promotion_evidence (test_mo2_bootstrap_store.Mo2BootstrapStoreTests.test_receipt_read_failure_preserves_promotion_evidence) ... ok
test_recovery_required_create_can_reestablish_activated_then_verified (test_mo2_bootstrap_store.Mo2BootstrapStoreTests.test_recovery_required_create_can_reestablish_activated_then_verified) ... ok
test_redirected_plan_job_and_receipt_ancestors_are_rejected (test_mo2_bootstrap_store.Mo2BootstrapStoreTests.test_redirected_plan_job_and_receipt_ancestors_are_rejected) ... ok
test_transition_is_compare_and_swap_on_exact_observed_bytes_and_state (test_mo2_bootstrap_store.Mo2BootstrapStoreTests.test_transition_is_compare_and_swap_on_exact_observed_bytes_and_state) ... ok
test_transition_rejects_external_byte_change_and_identity_change (test_mo2_bootstrap_store.Mo2BootstrapStoreTests.test_transition_rejects_external_byte_change_and_identity_change) ... ok
test_verified_transition_rejects_receipt_that_conflicts_with_plan (test_mo2_bootstrap_store.Mo2BootstrapStoreTests.test_verified_transition_rejects_receipt_that_conflicts_with_plan) ... ok
test_real_archive_creates_ready_disposable_instance (test_mo2_bootstrap_windows_integration.Mo2BootstrapWindowsIntegrationTests.test_real_archive_creates_ready_disposable_instance) ... skipped 'real MO2 archive and Steam root were not supplied'
test_bundle_contains_only_three_declared_python_files (test_mo2_bridge_bundle.Mo2BridgeBundleTests.test_bundle_contains_only_three_declared_python_files) ... ok
test_plugin_loads_against_the_complete_mo2_tool_contract_only (test_mo2_bridge_bundle.Mo2BridgeBundleTests.test_plugin_loads_against_the_complete_mo2_tool_contract_only) ... ok
test_plugin_module_requires_mobase_outside_the_delayed_entrypoint (test_mo2_bridge_bundle.Mo2BridgeBundleTests.test_plugin_module_requires_mobase_outside_the_delayed_entrypoint) ... ok
test_verification_rejects_an_undeclared_or_redirected_overlay_entry (test_mo2_bridge_bundle.Mo2BridgeBundleTests.test_verification_rejects_an_undeclared_or_redirected_overlay_entry) ... ok
test_verification_rejects_missing_changed_directories_and_bytecode (test_mo2_bridge_bundle.Mo2BridgeBundleTests.test_verification_rejects_missing_changed_directories_and_bytecode) ... ok
test_evidence_rejects_mismatched_bindings_and_safe_hashes (test_mo2_bridge_protocol.Mo2BridgeProtocolTests.test_evidence_rejects_mismatched_bindings_and_safe_hashes) ... ok
test_evidence_requires_contiguous_final_safe_event_after_verified_identity (test_mo2_bridge_protocol.Mo2BridgeProtocolTests.test_evidence_requires_contiguous_final_safe_event_after_verified_identity) ... ok
test_handshake_request_round_trips_canonically (test_mo2_bridge_protocol.Mo2BridgeProtocolTests.test_handshake_request_round_trips_canonically) ... ok
test_passing_evidence_requires_the_complete_exact_identity_lifecycle (test_mo2_bridge_protocol.Mo2BridgeProtocolTests.test_passing_evidence_requires_the_complete_exact_identity_lifecycle) ... ok
test_protocol_rejects_duplicate_extra_unsafe_and_impossible_values (test_mo2_bridge_protocol.Mo2BridgeProtocolTests.test_protocol_rejects_duplicate_extra_unsafe_and_impossible_values) ... ok
test_request_roots_must_be_exact_and_windows_safe (test_mo2_bridge_protocol.Mo2BridgeProtocolTests.test_request_roots_must_be_exact_and_windows_safe) ... ok
test_both_generated_layouts_emit_v2_observed_relative_paths_without_passive_files (test_mo2_bridge_runtime_capability.CandidateRuntimeV2Tests.test_both_generated_layouts_emit_v2_observed_relative_paths_without_passive_files) ... ok
test_both_generated_layouts_refuse_outside_traversal_alias_and_wrong_runtime_paths (test_mo2_bridge_runtime_capability.CandidateRuntimeV2Tests.test_both_generated_layouts_refuse_outside_traversal_alias_and_wrong_runtime_paths) ... ok
test_generated_relative_payload_survives_representative_username_privacy_filter (test_mo2_bridge_runtime_capability.CandidateRuntimeV2Tests.test_generated_relative_payload_survives_representative_username_privacy_filter) ... ok
test_guarded_file_matches_same_v2_marker_and_requires_exact_guard_nonce (test_mo2_bridge_runtime_capability.CandidateRuntimeV2Tests.test_guarded_file_matches_same_v2_marker_and_requires_exact_guard_nonce) ... ok
test_candidate_is_complete_passive_and_only_guarded_init_writes_job_output (test_mo2_bridge_runtime_capability.CandidateTests.test_candidate_is_complete_passive_and_only_guarded_init_writes_job_output) ... ok
test_environment_preserves_required_username_case_insensitively_without_other_values (test_mo2_bridge_runtime_capability.CandidateTests.test_environment_preserves_required_username_case_insensitively_without_other_values) ... ok
test_environment_reads_required_username_from_inherited_environment (test_mo2_bridge_runtime_capability.CandidateTests.test_environment_reads_required_username_from_inherited_environment) ... ok
test_environment_refuses_inherited_bytecode_controls_and_confines_writes (test_mo2_bridge_runtime_capability.CandidateTests.test_environment_refuses_inherited_bytecode_controls_and_confines_writes) ... ok
test_environment_refuses_missing_invalid_or_ambiguous_required_username (test_mo2_bridge_runtime_capability.CandidateTests.test_environment_refuses_missing_invalid_or_ambiguous_required_username) ... ok
test_live_entry_rejects_paths_outside_exact_disposable_namespace (test_mo2_bridge_runtime_capability.CandidateTests.test_live_entry_rejects_paths_outside_exact_disposable_namespace) ... ok
test_log_parser_requires_one_exact_loaded_marker_for_this_launch (test_mo2_bridge_runtime_capability.CandidateTests.test_log_parser_requires_one_exact_loaded_marker_for_this_launch) ... ok
test_ancestor_identity_substitution_is_rejected (test_mo2_bridge_runtime_capability.CapabilityFilesystemTests.test_ancestor_identity_substitution_is_rejected) ... ok
test_inventory_detects_content_identity_empty_directory_and_cache_drift (test_mo2_bridge_runtime_capability.CapabilityFilesystemTests.test_inventory_detects_content_identity_empty_directory_and_cache_drift) ... ok
test_no_replace_publication_and_tamper_rejection (test_mo2_bridge_runtime_capability.CapabilityFilesystemTests.test_no_replace_publication_and_tamper_rejection) ... ok
test_publication_refuses_fabricated_support_with_missing_raw_evidence (test_mo2_bridge_runtime_capability.CapabilityFilesystemTests.test_publication_refuses_fabricated_support_with_missing_raw_evidence) ... ok
test_read_only_load_does_not_create_missing_root (test_mo2_bridge_runtime_capability.CapabilityFilesystemTests.test_read_only_load_does_not_create_missing_root) ... ok
test_snapshot_keeps_earlier_file_pinned_until_all_content_is_read (test_mo2_bridge_runtime_capability.CapabilityFilesystemTests.test_snapshot_keeps_earlier_file_pinned_until_all_content_is_read) ... ok
test_snapshot_rejects_membership_added_after_initial_enumeration (test_mo2_bridge_runtime_capability.CapabilityFilesystemTests.test_snapshot_rejects_membership_added_after_initial_enumeration) ... ok
test_control_must_be_candidate_absent_and_normally_closed (test_mo2_bridge_runtime_capability.CapabilitySelectionTests.test_control_must_be_candidate_absent_and_normally_closed) ... ok
test_correlation_binds_both_live_native_identities_to_actual_launcher (test_mo2_bridge_runtime_capability.CapabilitySelectionTests.test_correlation_binds_both_live_native_identities_to_actual_launcher) ... ok
test_correlation_refuses_incomplete_ambiguous_or_unobservable_native_records (test_mo2_bridge_runtime_capability.CapabilitySelectionTests.test_correlation_refuses_incomplete_ambiguous_or_unobservable_native_records) ... ok
test_correlation_rejects_a_stale_prior_launch_even_if_pid_and_window_are_reused (test_mo2_bridge_runtime_capability.CapabilitySelectionTests.test_correlation_rejects_a_stale_prior_launch_even_if_pid_and_window_are_reused) ... ok
test_correlation_requires_ordered_brackets_around_the_exact_captured_window (test_mo2_bridge_runtime_capability.CapabilitySelectionTests.test_correlation_requires_ordered_brackets_around_the_exact_captured_window) ... ok
test_each_phase_requires_exact_full_tree_and_own_inventory (test_mo2_bridge_runtime_capability.CapabilitySelectionTests.test_each_phase_requires_exact_full_tree_and_own_inventory) ... ok
test_exact_runtime_content_allows_distinct_native_ids_between_copies (test_mo2_bridge_runtime_capability.CapabilitySelectionTests.test_exact_runtime_content_allows_distinct_native_ids_between_copies) ... ok
test_rejects_consistently_substituted_candidate_content (test_mo2_bridge_runtime_capability.CapabilitySelectionTests.test_rejects_consistently_substituted_candidate_content) ... ok
test_rejects_missing_duplicate_or_reordered_launches (test_mo2_bridge_runtime_capability.CapabilitySelectionTests.test_rejects_missing_duplicate_or_reordered_launches) ... ok
test_rejects_unknown_fields_wrong_types_and_bindings (test_mo2_bridge_runtime_capability.CapabilitySelectionTests.test_rejects_unknown_fields_wrong_types_and_bindings) ... ok
test_rejects_unsafe_duplicate_redirected_inventory (test_mo2_bridge_runtime_capability.CapabilitySelectionTests.test_rejects_unsafe_duplicate_redirected_inventory) ... ok
test_retained_runtime_content_is_fixed_even_if_every_record_is_substituted (test_mo2_bridge_runtime_capability.CapabilitySelectionTests.test_retained_runtime_content_is_fixed_even_if_every_record_is_substituted) ... ok
test_runtime_requires_matching_full_tree_content_kind_and_native_identity (test_mo2_bridge_runtime_capability.CapabilitySelectionTests.test_runtime_requires_matching_full_tree_content_kind_and_native_identity) ... ok
test_serialization_rejects_fabricated_selection_duplicate_keys_and_noncanonical_bytes (test_mo2_bridge_runtime_capability.CapabilitySelectionTests.test_serialization_rejects_fabricated_selection_duplicate_keys_and_noncanonical_bytes) ... ok
test_single_file_wins_ties_and_package_wins_only_alone (test_mo2_bridge_runtime_capability.CapabilitySelectionTests.test_single_file_wins_ties_and_package_wins_only_alone) ... ok
test_unchanged_unloaded_abnormal_or_guardless_candidate_cannot_pass (test_mo2_bridge_runtime_capability.CapabilitySelectionTests.test_unchanged_unloaded_abnormal_or_guardless_candidate_cannot_pass) ... ok
test_visible_target_refuses_missing_launcher_or_native_process_correlation (test_mo2_bridge_runtime_capability.CapabilitySelectionTests.test_visible_target_refuses_missing_launcher_or_native_process_correlation) ... ok
test_visible_target_requires_exact_recognized_disposable_process_app (test_mo2_bridge_runtime_capability.CapabilitySelectionTests.test_visible_target_requires_exact_recognized_disposable_process_app) ... ok
test_loaded_format_rejects_v1_mixed_unknown_fields_versions_types_and_path_aliases (test_mo2_bridge_runtime_capability.RuntimeV2SchemaTests.test_loaded_format_rejects_v1_mixed_unknown_fields_versions_types_and_path_aliases) ... ok
test_parser_refuses_v1_unknown_and_mixed_markers_instead_of_reinterpreting_them (test_mo2_bridge_runtime_capability.RuntimeV2SchemaTests.test_parser_refuses_v1_unknown_and_mixed_markers_instead_of_reinterpreting_them) ... ok
test_v2_selection_round_trips_and_old_or_wrong_matrix_versions_refuse (test_mo2_bridge_runtime_capability.RuntimeV2SchemaTests.test_v2_selection_round_trips_and_old_or_wrong_matrix_versions_refuse) ... ok
test_json_discovery_is_read_only_and_has_explicit_empty_actions (test_mo2_cli.Mo2CliTests.test_json_discovery_is_read_only_and_has_explicit_empty_actions) ... ok
test_missing_root_returns_three_without_creating_it (test_mo2_cli.Mo2CliTests.test_missing_root_returns_three_without_creating_it) ... ok
test_text_output_explains_lab_play_and_overwrite_state (test_mo2_cli.Mo2CliTests.test_text_output_explains_lab_play_and_overwrite_state) ... ok
test_discover_json_retains_its_original_exact_field_set (test_mo2_compare_cli.Mo2CompareCliTests.test_discover_json_retains_its_original_exact_field_set) ... ok
test_lab_only_mod_reports_json_placement_between_shared_anchors (test_mo2_compare_cli.Mo2CompareCliTests.test_lab_only_mod_reports_json_placement_between_shared_anchors) ... ok
test_plugin_mismatch_and_missing_settings_return_blocked_null_state (test_mo2_compare_cli.Mo2CompareCliTests.test_plugin_mismatch_and_missing_settings_return_blocked_null_state) ... ok
test_ready_json_is_complete_read_only_and_creates_no_workspace_output (test_mo2_compare_cli.Mo2CompareCliTests.test_ready_json_is_complete_read_only_and_creates_no_workspace_output) ... ok
test_text_explains_placement_coverage_and_no_side_effects (test_mo2_compare_cli.Mo2CompareCliTests.test_text_explains_placement_coverage_and_no_side_effects) ... ok
test_thirty_entry_reorder_text_window_is_bounded (test_mo2_compare_cli.Mo2CompareCliTests.test_thirty_entry_reorder_text_window_is_bounded) ... ok
test_unknown_executable_version_is_contextual_and_ready (test_mo2_compare_cli.Mo2CompareCliTests.test_unknown_executable_version_is_contextual_and_ready) ... ok
test_added_mod_keeps_placement_without_false_reorder (test_mo2_comparison.Mo2ComparisonTests.test_added_mod_keeps_placement_without_false_reorder) ... ok
test_blocked_projection_retains_context_and_findings_without_differences (test_mo2_comparison.Mo2ComparisonTests.test_blocked_projection_retains_context_and_findings_without_differences) ... ok
test_configuration_excludes_semantic_lists_and_compares_other_files (test_mo2_comparison.Mo2ComparisonTests.test_configuration_excludes_semantic_lists_and_compares_other_files) ... ok
test_newly_enabled_mod_reports_both_positions (test_mo2_comparison.Mo2ComparisonTests.test_newly_enabled_mod_reports_both_positions) ... ok
test_plugin_membership_and_enablement_keep_placement (test_mo2_comparison.Mo2ComparisonTests.test_plugin_membership_and_enablement_keep_placement) ... ok
test_relative_order_returns_full_filtered_sequences (test_mo2_comparison.Mo2ComparisonTests.test_relative_order_returns_full_filtered_sequences) ... ok
test_removed_mod_reports_play_placement (test_mo2_comparison.Mo2ComparisonTests.test_removed_mod_reports_play_placement) ... ok
test_separators_are_reported_but_never_become_runtime_anchors (test_mo2_comparison.Mo2ComparisonTests.test_separators_are_reported_but_never_become_runtime_anchors) ... ok
test_shared_state_is_explicit_and_identical_profiles_are_bounded_claims (test_mo2_comparison.Mo2ComparisonTests.test_shared_state_is_explicit_and_identical_profiles_are_bounded_claims) ... ok
test_public_adapter_state_parser_round_trips_canonical_state (test_mo2_comparison_serialization.Mo2ComparisonSerializationTests.test_public_adapter_state_parser_round_trips_canonical_state) ... ok
test_public_observation_parts_retain_strict_validation (test_mo2_comparison_serialization.Mo2ComparisonSerializationTests.test_public_observation_parts_retain_strict_validation) ... ok
test_ready_result_round_trip_is_canonical_and_hash_checked (test_mo2_comparison_serialization.Mo2ComparisonSerializationTests.test_ready_result_round_trip_is_canonical_and_hash_checked) ... ok
test_rejects_duplicate_case_insensitive_identities (test_mo2_comparison_serialization.Mo2ComparisonSerializationTests.test_rejects_duplicate_case_insensitive_identities) ... ok
test_rejects_duplicate_json_key_and_wrong_contract_values (test_mo2_comparison_serialization.Mo2ComparisonSerializationTests.test_rejects_duplicate_json_key_and_wrong_contract_values) ... ok
test_rejects_readiness_hash_position_anchor_order_and_side_effect_inconsistency (test_mo2_comparison_serialization.Mo2ComparisonSerializationTests.test_rejects_readiness_hash_position_anchor_order_and_side_effect_inconsistency) ... ok
test_rejects_unknown_field_at_every_object_level (test_mo2_comparison_serialization.Mo2ComparisonSerializationTests.test_rejects_unknown_field_at_every_object_level) ... ok
test_text_names_profile_configuration_differences (test_mo2_comparison_serialization.Mo2ComparisonSerializationTests.test_text_names_profile_configuration_differences) ... ok
test_text_no_difference_shared_content_uses_bounded_claim (test_mo2_comparison_serialization.Mo2ComparisonSerializationTests.test_text_no_difference_shared_content_uses_bounded_claim) ... ok
test_text_order_output_is_bounded_to_three_neighbors (test_mo2_comparison_serialization.Mo2ComparisonSerializationTests.test_text_order_output_is_bounded_to_three_neighbors) ... ok
test_authority_records_are_canonical_content_addressed_and_immutable (test_mo2_containment_authority.Mo2ContainmentAuthorityTests.test_authority_records_are_canonical_content_addressed_and_immutable) ... ok
test_caller_cannot_select_the_historical_run_or_decision (test_mo2_containment_authority.Mo2ContainmentAuthorityTests.test_caller_cannot_select_the_historical_run_or_decision) ... ok
test_changed_source_version_or_result_binding_is_rejected (test_mo2_containment_authority.Mo2ContainmentAuthorityTests.test_changed_source_version_or_result_binding_is_rejected) ... ok
test_complete_chain_rooted_in_arbitrary_retirement_is_rejected (test_mo2_containment_authority.Mo2ContainmentAuthorityTests.test_complete_chain_rooted_in_arbitrary_retirement_is_rejected) ... ok
test_eligibility_without_supersession_is_rejected (test_mo2_containment_authority.Mo2ContainmentAuthorityTests.test_eligibility_without_supersession_is_rejected) ... ok
test_eligible_decision_that_is_later_retired_is_rejected (test_mo2_containment_authority.Mo2ContainmentAuthorityTests.test_eligible_decision_that_is_later_retired_is_rejected) ... ok
test_exact_historical_policy_root_is_retired_even_when_fixture_bytes_exist (test_mo2_containment_authority.Mo2ContainmentAuthorityTests.test_exact_historical_policy_root_is_retired_even_when_fixture_bytes_exist) ... ok
test_exact_historical_retirement_identity_requires_exact_defect_codes (test_mo2_containment_authority.Mo2ContainmentAuthorityTests.test_exact_historical_retirement_identity_requires_exact_defect_codes) ... ok
test_failed_or_non_independent_review_never_confers_eligibility (test_mo2_containment_authority.Mo2ContainmentAuthorityTests.test_failed_or_non_independent_review_never_confers_eligibility) ... ok
test_historical_identity_cannot_be_reintroduced_by_eligibility (test_mo2_containment_authority.Mo2ContainmentAuthorityTests.test_historical_identity_cannot_be_reintroduced_by_eligibility) ... ok
test_malformed_direct_authority_entry_fails_closed (test_mo2_containment_authority.Mo2ContainmentAuthorityTests.test_malformed_direct_authority_entry_fails_closed) ... ok
test_multiple_reviews_for_one_decision_are_ambiguous (test_mo2_containment_authority.Mo2ContainmentAuthorityTests.test_multiple_reviews_for_one_decision_are_ambiguous) ... ok
test_nested_scenario_or_watch_reparse_ancestor_fails_closed (test_mo2_containment_authority.Mo2ContainmentAuthorityTests.test_nested_scenario_or_watch_reparse_ancestor_fails_closed) ... ok
test_only_independently_reviewed_replacement_is_eligible (test_mo2_containment_authority.Mo2ContainmentAuthorityTests.test_only_independently_reviewed_replacement_is_eligible) ... ok
test_reparse_authority_ancestor_fails_closed (test_mo2_containment_authority.Mo2ContainmentAuthorityTests.test_reparse_authority_ancestor_fails_closed) ... ok
test_resolver_preserves_existing_graph_bytes_identities_and_write_times (test_mo2_containment_authority.Mo2ContainmentAuthorityTests.test_resolver_preserves_existing_graph_bytes_identities_and_write_times) ... ok
test_resolver_refusal_never_creates_absent_validation_ancestors (test_mo2_containment_authority.Mo2ContainmentAuthorityTests.test_resolver_refusal_never_creates_absent_validation_ancestors) ... ok
test_review_bound_to_different_decision_bytes_is_rejected (test_mo2_containment_authority.Mo2ContainmentAuthorityTests.test_review_bound_to_different_decision_bytes_is_rejected) ... ok
test_supersession_without_retirement_is_rejected (test_mo2_containment_authority.Mo2ContainmentAuthorityTests.test_supersession_without_retirement_is_rejected) ... ok
test_two_eligible_records_are_rejected_as_ambiguous (test_mo2_containment_authority.Mo2ContainmentAuthorityTests.test_two_eligible_records_are_rejected_as_ambiguous) ... ok
test_two_replacements_for_historical_retirement_are_conflicting (test_mo2_containment_authority.Mo2ContainmentAuthorityTests.test_two_replacements_for_historical_retirement_are_conflicting) ... ok
test_unreferenced_retirement_with_dangling_decision_is_rejected (test_mo2_containment_authority.Mo2ContainmentAuthorityTests.test_unreferenced_retirement_with_dangling_decision_is_rejected) ... ok
test_unreferenced_review_with_dangling_decision_is_rejected (test_mo2_containment_authority.Mo2ContainmentAuthorityTests.test_unreferenced_review_with_dangling_decision_is_rejected) ... ok
test_unreferenced_supersession_with_dangling_retirement_is_rejected (test_mo2_containment_authority.Mo2ContainmentAuthorityTests.test_unreferenced_supersession_with_dangling_retirement_is_rejected) ... ok
test_unselected_review_with_inconsistent_result_binding_is_rejected (test_mo2_containment_authority.Mo2ContainmentAuthorityTests.test_unselected_review_with_inconsistent_result_binding_is_rejected) ... ok
test_zero_eligible_leaves_is_the_safe_default (test_mo2_containment_authority.Mo2ContainmentAuthorityTests.test_zero_eligible_leaves_is_the_safe_default) ... ok
test_adjudicate_never_defaults_incomplete_to_supported (test_mo2_containment_cli.ContainmentCliTests.test_adjudicate_never_defaults_incomplete_to_supported) ... ok
test_adjudicate_not_ready_is_exit_three_without_guessed_decision_write (test_mo2_containment_cli.ContainmentCliTests.test_adjudicate_not_ready_is_exit_three_without_guessed_decision_write) ... ok
test_json_prepare_exposes_exact_run_id_and_complete_shape (test_mo2_containment_cli.ContainmentCliTests.test_json_prepare_exposes_exact_run_id_and_complete_shape) ... ok
test_json_validate_never_sends_its_continue_prompt_to_stdout (test_mo2_containment_cli.ContainmentCliTests.test_json_validate_never_sends_its_continue_prompt_to_stdout) ... ok
test_json_validate_writes_one_final_object_to_stdout_and_guidance_to_stderr (test_mo2_containment_cli.ContainmentCliTests.test_json_validate_writes_one_final_object_to_stdout_and_guidance_to_stderr) ... ok
test_malformed_evidence_through_cli_uses_exit_two_and_one_json_response (test_mo2_containment_cli.ContainmentCliTests.test_malformed_evidence_through_cli_uses_exit_two_and_one_json_response) ... ok
test_malformed_identifier_is_a_plain_exit_two_refusal (test_mo2_containment_cli.ContainmentCliTests.test_malformed_identifier_is_a_plain_exit_two_refusal) ... ok
test_malformed_live_show_is_exit_two_without_mutation (test_mo2_containment_cli.ContainmentCliTests.test_malformed_live_show_is_exit_two_without_mutation) ... ok
test_malformed_prepare_result_preserves_effect_receipt_as_operational_refusal (test_mo2_containment_cli.ContainmentCliTests.test_malformed_prepare_result_preserves_effect_receipt_as_operational_refusal) ... ok
test_nested_malformed_evidence_outranks_outer_not_ready (test_mo2_containment_cli.ContainmentCliTests.test_nested_malformed_evidence_outranks_outer_not_ready) ... ok
test_operational_invalid_transition_uses_exit_three_not_message_matching (test_mo2_containment_cli.ContainmentCliTests.test_operational_invalid_transition_uses_exit_three_not_message_matching) ... ok
test_parse_time_json_error_writes_one_complete_json_response (test_mo2_containment_cli.ContainmentCliTests.test_parse_time_json_error_writes_one_complete_json_response) ... ok
test_post_launch_capture_binding_refusal_retains_controller_context (test_mo2_containment_cli.ContainmentCliTests.test_post_launch_capture_binding_refusal_retains_controller_context) ... ok
test_post_launch_capture_refusal_retains_pid_artifacts_and_containment_root (test_mo2_containment_cli.ContainmentCliTests.test_post_launch_capture_refusal_retains_pid_artifacts_and_containment_root) ... ok
test_prepare_maps_only_its_service_effect_receipt (test_mo2_containment_cli.ContainmentCliTests.test_prepare_maps_only_its_service_effect_receipt) ... ok
test_prepare_reports_disposable_validation_without_production_action (test_mo2_containment_cli.ContainmentCliTests.test_prepare_reports_disposable_validation_without_production_action) ... ok
test_recover_maps_only_the_service_effect_receipt (test_mo2_containment_cli.ContainmentCliTests.test_recover_maps_only_the_service_effect_receipt) ... ok
test_recover_success_returns_zero_without_upgrading_old_result (test_mo2_containment_cli.ContainmentCliTests.test_recover_success_returns_zero_without_upgrading_old_result) ... ok
test_show_against_absent_workspace_creates_nothing (test_mo2_containment_cli.ContainmentCliTests.test_show_against_absent_workspace_creates_nothing) ... ok
test_show_displays_every_retained_scenario_history_and_decision (test_mo2_containment_cli.ContainmentCliTests.test_show_displays_every_retained_scenario_history_and_decision) ... ok
test_show_is_read_only_and_returns_zero_for_failed_history (test_mo2_containment_cli.ContainmentCliTests.test_show_is_read_only_and_returns_zero_for_failed_history) ... ok
test_suppressed_malformed_context_still_outranks_outer_not_ready (test_mo2_containment_cli.ContainmentCliTests.test_suppressed_malformed_context_still_outranks_outer_not_ready) ... ok
test_validate_discloses_typed_result_evidence_and_all_confirmed_artifacts (test_mo2_containment_cli.ContainmentCliTests.test_validate_discloses_typed_result_evidence_and_all_confirmed_artifacts) ... ok
test_validate_distinguishes_proven_failure_from_incomplete (test_mo2_containment_cli.ContainmentCliTests.test_validate_distinguishes_proven_failure_from_incomplete) ... ok
test_validate_does_not_infer_processes_from_return_values (test_mo2_containment_cli.ContainmentCliTests.test_validate_does_not_infer_processes_from_return_values) ... ok
test_validate_keeps_arm_launch_and_capture_in_one_controller (test_mo2_containment_cli.ContainmentCliTests.test_validate_keeps_arm_launch_and_capture_in_one_controller) ... ok
test_validate_maps_only_exact_service_receipts_without_guesses (test_mo2_containment_cli.ContainmentCliTests.test_validate_maps_only_exact_service_receipts_without_guesses) ... ok
test_validate_prints_exact_visible_merge_instructions (test_mo2_containment_cli.ContainmentCliTests.test_validate_prints_exact_visible_merge_instructions) ... ok
test_validate_prints_the_other_exact_visible_scenario_instructions (test_mo2_containment_cli.ContainmentCliTests.test_validate_prints_the_other_exact_visible_scenario_instructions) ... ok
test_validate_refuses_noninteractive_stdin_before_arming (test_mo2_containment_cli.ContainmentCliTests.test_validate_refuses_noninteractive_stdin_before_arming) ... ok
test_preparation_commands_reach_live_readonly_absent_root_refusal (test_mo2_containment_cli.PreparationCliTests.test_preparation_commands_reach_live_readonly_absent_root_refusal) ... ok
test_archives_have_exact_safe_contents_and_fomod_dependency (test_mo2_containment_fixtures.ContainmentFixtureTests.test_archives_have_exact_safe_contents_and_fomod_dependency) ... ok
test_curated_archive_import_refuses_mismatched_bytes (test_mo2_containment_fixtures.ContainmentFixtureTests.test_curated_archive_import_refuses_mismatched_bytes) ... ok
test_curated_archive_import_replaces_payload_name_without_hardlinking (test_mo2_containment_fixtures.ContainmentFixtureTests.test_curated_archive_import_replaces_payload_name_without_hardlinking) ... ok
test_external_low_temp_uses_the_exact_low_child_of_the_current_temp_base (test_mo2_containment_fixtures.ContainmentFixtureTests.test_external_low_temp_uses_the_exact_low_child_of_the_current_temp_base) ... ok
test_fixture_enables_non_plugin_fomod_dependencies_only_in_stage (test_mo2_containment_fixtures.ContainmentFixtureTests.test_fixture_enables_non_plugin_fomod_dependencies_only_in_stage) ... ok
test_fixture_exposes_portable_cache_and_logs_under_the_stage_base_directory (test_mo2_containment_fixtures.ContainmentFixtureTests.test_fixture_exposes_portable_cache_and_logs_under_the_stage_base_directory) ... ok
test_fixture_inner_vaults_retain_the_source_artifact_official_name (test_mo2_containment_fixtures.ContainmentFixtureTests.test_fixture_inner_vaults_retain_the_source_artifact_official_name) ... ok
test_fixture_parent_override_is_exact_and_confined_below_validation_root (test_mo2_containment_fixtures.ContainmentFixtureTests.test_fixture_parent_override_is_exact_and_confined_below_validation_root) ... ok
test_fixture_preflight_is_read_only_for_an_absent_nested_target (test_mo2_containment_fixtures.ContainmentFixtureTests.test_fixture_preflight_is_read_only_for_an_absent_nested_target) ... ok
test_fixture_suppresses_nxm_registration_only_in_the_disposable_stage (test_mo2_containment_fixtures.ContainmentFixtureTests.test_fixture_suppresses_nxm_registration_only_in_the_disposable_stage) ... ok
test_fixture_uses_two_confined_instances_and_payload_junctions (test_mo2_containment_fixtures.ContainmentFixtureTests.test_fixture_uses_two_confined_instances_and_payload_junctions) ... ok
test_low_temp_refuses_missing_non_low_and_redirected_candidates (test_mo2_containment_fixtures.ContainmentFixtureTests.test_low_temp_refuses_missing_non_low_and_redirected_candidates) ... ok
test_materialized_bootstrap_archive_preserves_preexisting_destination_after_xb_failure (test_mo2_containment_fixtures.ContainmentFixtureTests.test_materialized_bootstrap_archive_preserves_preexisting_destination_after_xb_failure) ... ok
test_materialized_bootstrap_archive_refuses_changed_payload (test_mo2_containment_fixtures.ContainmentFixtureTests.test_materialized_bootstrap_archive_refuses_changed_payload) ... ok
test_materialized_bootstrap_archive_refuses_noncurated_windows_names_before_creation (test_mo2_containment_fixtures.ContainmentFixtureTests.test_materialized_bootstrap_archive_refuses_noncurated_windows_names_before_creation) ... ok
test_materialized_bootstrap_archive_refuses_unsafe_original_name (test_mo2_containment_fixtures.ContainmentFixtureTests.test_materialized_bootstrap_archive_refuses_unsafe_original_name) ... ok
test_materialized_bootstrap_archive_removes_owned_partial_after_write_error (test_mo2_containment_fixtures.ContainmentFixtureTests.test_materialized_bootstrap_archive_removes_owned_partial_after_write_error) ... ok
test_production_snapshot_records_file_metadata_without_payload_hashes (test_mo2_containment_fixtures.ContainmentFixtureTests.test_production_snapshot_records_file_metadata_without_payload_hashes) ... ok
test_production_snapshot_records_reparse_without_following_it (test_mo2_containment_fixtures.ContainmentFixtureTests.test_production_snapshot_records_reparse_without_following_it) ... skipped "directory symlink unavailable: [WinError 1314] A required privilege is not held by the client: 'C:\\\\Users\\\\red\\\\Desktop\\\\Modlab\\\\.worktrees\\\\mo2-guard-bridge-handshake\\\\nt\\\\tmp4yg9epc6\\\\outside' -> 'C:\\\\Users\\\\red\\\\Desktop\\\\Modlab\\\\.worktrees\\\\mo2-guard-bridge-handshake\\\\nt\\\\tmp4yg9epc6\\\\Steam\\\\library-link'"
test_real_fixture_evidence_derives_version_projection_and_steam_mutation (test_mo2_containment_fixtures.ContainmentFixtureTests.test_real_fixture_evidence_derives_version_projection_and_steam_mutation) ... ok
test_real_fixture_evidence_refuses_empty_direct_projection_replacement (test_mo2_containment_fixtures.ContainmentFixtureTests.test_real_fixture_evidence_refuses_empty_direct_projection_replacement) ... ok
test_real_fixture_refuses_bound_snapshot_path_change_after_preparation (test_mo2_containment_fixtures.ContainmentFixtureTests.test_real_fixture_refuses_bound_snapshot_path_change_after_preparation) ... ok
test_skyrim_production_snapshot_ignores_unrelated_steam_cache_mutation (test_mo2_containment_fixtures.ContainmentFixtureTests.test_skyrim_production_snapshot_ignores_unrelated_steam_cache_mutation) ... ok
test_skyrim_production_snapshot_refuses_discovery_path_change_during_capture (test_mo2_containment_fixtures.ContainmentFixtureTests.test_skyrim_production_snapshot_refuses_discovery_path_change_during_capture) ... ok
test_skyrim_production_snapshot_refuses_discovery_report_change_during_capture (test_mo2_containment_fixtures.ContainmentFixtureTests.test_skyrim_production_snapshot_refuses_discovery_report_change_during_capture) ... ok
test_skyrim_production_snapshot_refuses_missing_or_blocked_discovery (test_mo2_containment_fixtures.ContainmentFixtureTests.test_skyrim_production_snapshot_refuses_missing_or_blocked_discovery) ... ok
test_skyrim_production_snapshot_reports_game_root_mutation (test_mo2_containment_fixtures.ContainmentFixtureTests.test_skyrim_production_snapshot_reports_game_root_mutation) ... ok
test_skyrim_production_snapshot_reports_manifest_mutation (test_mo2_containment_fixtures.ContainmentFixtureTests.test_skyrim_production_snapshot_reports_manifest_mutation) ... ok
test_stage_root_is_labeled_low_before_any_projection_can_exist (test_mo2_containment_fixtures.ContainmentFixtureTests.test_stage_root_is_labeled_low_before_any_projection_can_exist) ... ok
test_stage_user_profile_contains_a_direct_desktop_before_launch (test_mo2_containment_fixtures.ContainmentFixtureTests.test_stage_user_profile_contains_a_direct_desktop_before_launch) ... ok
test_native_integrity_conversion_is_exhaustive_and_unknown_fails_closed (test_mo2_containment_integrity.IntegrityPolicyTests.test_native_integrity_conversion_is_exhaustive_and_unknown_fails_closed) ... ok
test_source_must_be_medium_or_higher_and_stage_must_be_low (test_mo2_containment_integrity.IntegrityPolicyTests.test_source_must_be_medium_or_higher_and_stage_must_be_low) ... ok
test_child_is_low_before_its_first_instruction_runs (test_mo2_containment_integrity.WindowsIntegrityTests.test_child_is_low_before_its_first_instruction_runs) ... ok
test_explicit_label_without_no_write_up_policy_is_rejected (test_mo2_containment_integrity.WindowsIntegrityTests.test_explicit_label_without_no_write_up_policy_is_rejected) ... ok
test_integrity_labeling_rejects_a_reparse_descendant_before_icacls (test_mo2_containment_integrity.WindowsIntegrityTests.test_integrity_labeling_rejects_a_reparse_descendant_before_icacls) ... ok
test_launch_cleanup_failure_keeps_created_pid_and_primary_error (test_mo2_containment_integrity.WindowsIntegrityTests.test_launch_cleanup_failure_keeps_created_pid_and_primary_error) ... ok
test_launch_does_not_notify_pid_when_create_process_fails (test_mo2_containment_integrity.WindowsIntegrityTests.test_launch_does_not_notify_pid_when_create_process_fails) ... ok
test_launch_notifies_pid_before_internal_post_create_failure (test_mo2_containment_integrity.WindowsIntegrityTests.test_launch_notifies_pid_before_internal_post_create_failure) ... ok
test_low_child_without_no_write_up_token_policy_is_terminated_before_resume (test_mo2_containment_integrity.WindowsIntegrityTests.test_low_child_without_no_write_up_token_policy_is_terminated_before_resume) ... ok
test_low_process_can_write_low_stage_but_not_medium_source (test_mo2_containment_integrity.WindowsIntegrityTests.test_low_process_can_write_low_stage_but_not_medium_source) ... ok
test_medium_directory_entry_has_native_inheritable_label_flags (test_mo2_containment_integrity.WindowsIntegrityTests.test_medium_directory_entry_has_native_inheritable_label_flags) ... ok
test_medium_directory_entry_rejects_low_second_native_observation (test_mo2_containment_integrity.WindowsIntegrityTests.test_medium_directory_entry_rejects_low_second_native_observation) ... ok
test_medium_directory_entry_rejects_missing_inheritance_flags_with_receipt (test_mo2_containment_integrity.WindowsIntegrityTests.test_medium_directory_entry_rejects_missing_inheritance_flags_with_receipt) ... ok
test_medium_entries_labels_every_pinned_nested_object_without_recursive_walk (test_mo2_containment_integrity.WindowsIntegrityTests.test_medium_entries_labels_every_pinned_nested_object_without_recursive_walk) ... ok
test_medium_entries_partial_verification_failure_preserves_all_command_receipts (test_mo2_containment_integrity.WindowsIntegrityTests.test_medium_entries_partial_verification_failure_preserves_all_command_receipts) ... ok
test_medium_entries_rejects_invalid_or_reparse_inputs_before_mutation (test_mo2_containment_integrity.WindowsIntegrityTests.test_medium_entries_rejects_invalid_or_reparse_inputs_before_mutation) ... ok
test_medium_entries_snapshots_stateful_path_once_and_preserves_receipts (test_mo2_containment_integrity.WindowsIntegrityTests.test_medium_entries_snapshots_stateful_path_once_and_preserves_receipts) ... ok
test_ordering_test_retains_root_and_primary_when_exit_wait_fails (test_mo2_containment_integrity.WindowsIntegrityTests.test_ordering_test_retains_root_and_primary_when_exit_wait_fails) ... ok
test_ordering_test_retains_root_when_launch_raises_after_attempt (test_mo2_containment_integrity.WindowsIntegrityTests.test_ordering_test_retains_root_when_launch_raises_after_attempt) ... ok
test_post_icacls_verification_error_preserves_receipt_and_cause (test_mo2_containment_integrity.WindowsIntegrityTests.test_post_icacls_verification_error_preserves_receipt_and_cause) ... ok
test_pre_resume_failure_terminates_exact_child_without_running_marker (test_mo2_containment_integrity.WindowsIntegrityTests.test_pre_resume_failure_terminates_exact_child_without_running_marker) ... ok
test_process_exit_wait_accepts_empirical_invalid_parameter_for_known_child (test_mo2_containment_integrity.WindowsIntegrityTests.test_process_exit_wait_accepts_empirical_invalid_parameter_for_known_child) ... ok
test_process_exit_wait_rejects_open_process_access_error (test_mo2_containment_integrity.WindowsIntegrityTests.test_process_exit_wait_rejects_open_process_access_error) ... ok
test_process_exit_wait_rejects_wait_failure_and_timeout (test_mo2_containment_integrity.WindowsIntegrityTests.test_process_exit_wait_rejects_wait_failure_and_timeout) ... ok
test_repeated_failed_process_inspection_does_not_leak_handles (test_mo2_containment_integrity.WindowsIntegrityTests.test_repeated_failed_process_inspection_does_not_leak_handles) ... ok
test_adoption_moves_one_medium_integrity_directory_with_identical_tree (test_mo2_containment_junction.Mo2ContainmentJunctionTests.test_adoption_moves_one_medium_integrity_directory_with_identical_tree) ... ok
test_adoption_unions_prior_and_quarantine_ownership_without_rollback (test_mo2_containment_junction.Mo2ContainmentJunctionTests.test_adoption_unions_prior_and_quarantine_ownership_without_rollback) ... ok
test_build_projection_blocks_identical_reconstruction_before_rollback (test_mo2_containment_junction.Mo2ContainmentJunctionTests.test_build_projection_blocks_identical_reconstruction_before_rollback) ... ok
test_build_projection_is_casefold_sorted_and_rejects_source_reparse_entries (test_mo2_containment_junction.Mo2ContainmentJunctionTests.test_build_projection_is_casefold_sorted_and_rejects_source_reparse_entries) ... ok
test_build_projection_rollback_leaves_a_changed_junction_untouched (test_mo2_containment_junction.Mo2ContainmentJunctionTests.test_build_projection_rollback_leaves_a_changed_junction_untouched) ... ok
test_build_projection_rolls_back_exact_created_junctions_in_reverse_order (test_mo2_containment_junction.Mo2ContainmentJunctionTests.test_build_projection_rolls_back_exact_created_junctions_in_reverse_order) ... ok
test_canonical_projection_to_wrong_direct_target_is_quarantined (test_mo2_containment_junction.Mo2ContainmentJunctionTests.test_canonical_projection_to_wrong_direct_target_is_quarantined) ... ok
test_changed_baseline_cleanup_attempts_every_close_and_retains_only_failures (test_mo2_containment_junction.Mo2ContainmentJunctionTests.test_changed_baseline_cleanup_attempts_every_close_and_retains_only_failures) ... ok
test_collision_is_quarantined_without_changing_the_existing_source (test_mo2_containment_junction.Mo2ContainmentJunctionTests.test_collision_is_quarantined_without_changing_the_existing_source) ... ok
test_descendant_reparse_is_quarantined_before_integrity_normalization (test_mo2_containment_junction.Mo2ContainmentJunctionTests.test_descendant_reparse_is_quarantined_before_integrity_normalization) ... ok
test_destination_appearing_at_rename_boundary_is_not_replaced (test_mo2_containment_junction.Mo2ContainmentJunctionTests.test_destination_appearing_at_rename_boundary_is_not_replaced) ... ok
test_early_reparse_rejection_quarantines_the_classified_handle (test_mo2_containment_junction.Mo2ContainmentJunctionTests.test_early_reparse_rejection_quarantines_the_classified_handle) ... ok
test_exact_object_quarantine_uses_pinned_no_replace_move (test_mo2_containment_junction.Mo2ContainmentJunctionTests.test_exact_object_quarantine_uses_pinned_no_replace_move) ... ok
test_exact_quarantine_finalizers_aggregate_source_and_parent_ownership (test_mo2_containment_junction.Mo2ContainmentJunctionTests.test_exact_quarantine_finalizers_aggregate_source_and_parent_ownership) ... ok
test_extra_new_entries_are_all_quarantined_and_never_adopted (test_mo2_containment_junction.Mo2ContainmentJunctionTests.test_extra_new_entries_are_all_quarantined_and_never_adopted) ... ok
test_failed_integrity_normalization_quarantines_the_candidate (test_mo2_containment_junction.Mo2ContainmentJunctionTests.test_failed_integrity_normalization_quarantines_the_candidate) ... ok
test_failed_projection_readback_removes_only_the_new_junction (test_mo2_containment_junction.Mo2ContainmentJunctionTests.test_failed_projection_readback_removes_only_the_new_junction) ... ok
test_file_disposition_info_uses_the_one_byte_boolean_abi (test_mo2_containment_junction.Mo2ContainmentJunctionTests.test_file_disposition_info_uses_the_one_byte_boolean_abi) ... ok
test_initial_tree_classification_failure_quarantines_then_closes_root_pin (test_mo2_containment_junction.Mo2ContainmentJunctionTests.test_initial_tree_classification_failure_quarantines_then_closes_root_pin) ... ok
test_late_junction_during_pin_construction_quarantines_exact_candidate (test_mo2_containment_junction.Mo2ContainmentJunctionTests.test_late_junction_during_pin_construction_quarantines_exact_candidate) ... ok
test_legacy_pinned_close_failure_keeps_live_handle_ownership (test_mo2_containment_junction.Mo2ContainmentJunctionTests.test_legacy_pinned_close_failure_keeps_live_handle_ownership) ... ok
test_object_quarantine_body_ownership_unions_exact_candidates_and_parent (test_mo2_containment_junction.Mo2ContainmentJunctionTests.test_object_quarantine_body_ownership_unions_exact_candidates_and_parent) ... ok
test_owned_projection_close_failure_preserves_all_live_pins (test_mo2_containment_junction.Mo2ContainmentJunctionTests.test_owned_projection_close_failure_preserves_all_live_pins) ... ok
test_owned_projection_rejects_every_identity_or_payload_mismatch (test_mo2_containment_junction.Mo2ContainmentJunctionTests.test_owned_projection_rejects_every_identity_or_payload_mismatch) ... ok
test_owned_projection_retains_link_target_and_parents_until_close (test_mo2_containment_junction.Mo2ContainmentJunctionTests.test_owned_projection_retains_link_target_and_parents_until_close) ... ok
test_pin_first_type_validation_uses_the_retained_handle_not_direntry_stat (test_mo2_containment_junction.Mo2ContainmentJunctionTests.test_pin_first_type_validation_uses_the_retained_handle_not_direntry_stat) ... ok
test_pinned_descendant_blocks_directory_to_junction_swap_before_recursion (test_mo2_containment_junction.Mo2ContainmentJunctionTests.test_pinned_descendant_blocks_directory_to_junction_swap_before_recursion) ... ok
test_pinned_destination_blocks_post_move_content_change (test_mo2_containment_junction.Mo2ContainmentJunctionTests.test_pinned_destination_blocks_post_move_content_change) ... ok
test_pinned_quarantine_never_moves_replacement_at_the_old_path (test_mo2_containment_junction.Mo2ContainmentJunctionTests.test_pinned_quarantine_never_moves_replacement_at_the_old_path) ... ok
test_pinned_tree_close_attempts_every_pin_and_supports_exact_retry (test_mo2_containment_junction.Mo2ContainmentJunctionTests.test_pinned_tree_close_attempts_every_pin_and_supports_exact_retry) ... ok
test_post_move_adoption_failure_quarantines_exact_tree_and_aggregates_all_finalizers (test_mo2_containment_junction.Mo2ContainmentJunctionTests.test_post_move_adoption_failure_quarantines_exact_tree_and_aggregates_all_finalizers) ... ok
test_post_move_adoption_preserves_quarantine_parent_close_ownership (test_mo2_containment_junction.Mo2ContainmentJunctionTests.test_post_move_adoption_preserves_quarantine_parent_close_ownership) ... ok
test_projection_identity_read_failure_closes_handle_and_leaves_path (test_mo2_containment_junction.Mo2ContainmentJunctionTests.test_projection_identity_read_failure_closes_handle_and_leaves_path) ... ok
test_projection_open_failure_leaves_unknown_identity_untouched (test_mo2_containment_junction.Mo2ContainmentJunctionTests.test_projection_open_failure_leaves_unknown_identity_untouched) ... ok
test_projection_readback_cleanup_failure_is_explicit_and_retains_link (test_mo2_containment_junction.Mo2ContainmentJunctionTests.test_projection_readback_cleanup_failure_is_explicit_and_retains_link) ... ok
test_projection_readback_retains_the_exact_link_against_reconstruction (test_mo2_containment_junction.Mo2ContainmentJunctionTests.test_projection_readback_retains_the_exact_link_against_reconstruction) ... ok
test_projection_reads_source_without_copying_and_records_exact_payload (test_mo2_containment_junction.Mo2ContainmentJunctionTests.test_projection_reads_source_without_copying_and_records_exact_payload) ... ok
test_projection_rejects_a_reparse_component_in_the_source_path (test_mo2_containment_junction.Mo2ContainmentJunctionTests.test_projection_rejects_a_reparse_component_in_the_source_path) ... ok
test_redirected_scenario_quarantine_is_rejected_without_moving_candidate (test_mo2_containment_junction.Mo2ContainmentJunctionTests.test_redirected_scenario_quarantine_is_rejected_without_moving_candidate) ... ok
test_rejection_quarantine_unions_parent_and_tree_ownership_across_retries (test_mo2_containment_junction.Mo2ContainmentJunctionTests.test_rejection_quarantine_unions_parent_and_tree_ownership_across_retries) ... ok
test_replaced_projection_and_candidate_are_quarantined_as_ambiguous (test_mo2_containment_junction.Mo2ContainmentJunctionTests.test_replaced_projection_and_candidate_are_quarantined_as_ambiguous) ... ok
test_replacement_quarantine_binds_outputs_and_move_to_one_pinned_tree (test_mo2_containment_junction.Mo2ContainmentJunctionTests.test_replacement_quarantine_binds_outputs_and_move_to_one_pinned_tree) ... ok
test_replacement_quarantine_blocks_root_swap_at_rename_boundary (test_mo2_containment_junction.Mo2ContainmentJunctionTests.test_replacement_quarantine_blocks_root_swap_at_rename_boundary) ... ok
test_replacement_quarantine_collision_is_no_replace_and_leaves_candidate (test_mo2_containment_junction.Mo2ContainmentJunctionTests.test_replacement_quarantine_collision_is_no_replace_and_leaves_candidate) ... ok
test_replacement_quarantine_detects_descendant_swap_across_root_move (test_mo2_containment_junction.Mo2ContainmentJunctionTests.test_replacement_quarantine_detects_descendant_swap_across_root_move) ... ok
test_replacement_reparse_rejection_quarantines_and_releases_all_handles (test_mo2_containment_junction.Mo2ContainmentJunctionTests.test_replacement_reparse_rejection_quarantines_and_releases_all_handles) ... ok
test_shared_exact_rename_adapter_preserves_full_typed_ownership (test_mo2_containment_junction.Mo2ContainmentJunctionTests.test_shared_exact_rename_adapter_preserves_full_typed_ownership) ... ok
test_staging_rejection_unions_quarantine_parent_and_entry_ownership (test_mo2_containment_junction.Mo2ContainmentJunctionTests.test_staging_rejection_unions_quarantine_parent_and_entry_ownership) ... ok
test_tree_construction_unions_new_leaf_descendant_and_root_across_retries (test_mo2_containment_junction.Mo2ContainmentJunctionTests.test_tree_construction_unions_new_leaf_descendant_and_root_across_retries) ... ok
test_tree_quarantine_body_ownership_unions_exact_candidates_and_parent (test_mo2_containment_junction.Mo2ContainmentJunctionTests.test_tree_quarantine_body_ownership_unions_exact_candidates_and_parent) ... ok
test_tree_quarantine_finalizers_aggregate_root_and_parent_ownership (test_mo2_containment_junction.Mo2ContainmentJunctionTests.test_tree_quarantine_finalizers_aggregate_root_and_parent_ownership) ... ok
test_valid_baseline_handle_is_retained_through_candidate_normalization (test_mo2_containment_junction.Mo2ContainmentJunctionTests.test_valid_baseline_handle_is_retained_through_candidate_normalization) ... ok
test_wrong_baseline_quarantine_uses_the_classified_junction_handle (test_mo2_containment_junction.Mo2ContainmentJunctionTests.test_wrong_baseline_quarantine_uses_the_classified_junction_handle) ... ok
test_completed_arbitrary_reason_is_not_positive_failure_proof (test_mo2_containment_serialization.Mo2ContainmentSerializationTests.test_completed_arbitrary_reason_is_not_positive_failure_proof) ... ok
test_completed_typed_policy_violation_is_positive_failure_proof (test_mo2_containment_serialization.Mo2ContainmentSerializationTests.test_completed_typed_policy_violation_is_positive_failure_proof) ... ok
test_incomplete_watch_with_bound_positive_event_may_be_failed (test_mo2_containment_serialization.Mo2ContainmentSerializationTests.test_incomplete_watch_with_bound_positive_event_may_be_failed) ... ok
test_incomplete_watch_without_positive_breach_cannot_be_failed (test_mo2_containment_serialization.Mo2ContainmentSerializationTests.test_incomplete_watch_without_positive_breach_cannot_be_failed) ... ok
test_journal_scenario_started_requires_monitor_and_precedes_mo2_pid (test_mo2_containment_serialization.Mo2ContainmentSerializationTests.test_journal_scenario_started_requires_monitor_and_precedes_mo2_pid) ... ok
test_legacy_empty_adoption_failure_remains_readable (test_mo2_containment_serialization.Mo2ContainmentSerializationTests.test_legacy_empty_adoption_failure_remains_readable) ... ok
test_non_supported_decision_evidence_must_be_all_present_or_all_empty (test_mo2_containment_serialization.Mo2ContainmentSerializationTests.test_non_supported_decision_evidence_must_be_all_present_or_all_empty) ... ok
test_passed_result_requires_complete_clean_started_evidence (test_mo2_containment_serialization.Mo2ContainmentSerializationTests.test_passed_result_requires_complete_clean_started_evidence) ... ok
test_passing_special_scenarios_require_exact_staging_outputs (test_mo2_containment_serialization.Mo2ContainmentSerializationTests.test_passing_special_scenarios_require_exact_staging_outputs) ... ok
test_protected_delta_is_positive_failure_proof_without_complete_watch (test_mo2_containment_serialization.Mo2ContainmentSerializationTests.test_protected_delta_is_positive_failure_proof_without_complete_watch) ... ok
test_rejected_and_incomplete_decisions_deep_bind_every_supplied_pair (test_mo2_containment_serialization.Mo2ContainmentSerializationTests.test_rejected_and_incomplete_decisions_deep_bind_every_supplied_pair) ... ok
test_result_rejects_replay_copied_completion_and_extra_fields (test_mo2_containment_serialization.Mo2ContainmentSerializationTests.test_result_rejects_replay_copied_completion_and_extra_fields) ... ok
test_retry_eligibility_requires_pre_scenario_incomplete (test_mo2_containment_serialization.Mo2ContainmentSerializationTests.test_retry_eligibility_requires_pre_scenario_incomplete) ... ok
test_scenario_recovery_round_trips_and_enforces_cleanup_authority (test_mo2_containment_serialization.Mo2ContainmentSerializationTests.test_scenario_recovery_round_trips_and_enforces_cleanup_authority) ... ok
test_scenario_result_round_trips_only_with_bound_watch_outcome (test_mo2_containment_serialization.Mo2ContainmentSerializationTests.test_scenario_result_round_trips_only_with_bound_watch_outcome) ... ok
test_supported_decision_deeply_binds_each_result_and_watch_outcome (test_mo2_containment_serialization.Mo2ContainmentSerializationTests.test_supported_decision_deeply_binds_each_result_and_watch_outcome) ... ok
test_v2_metadata_false_failure_remains_readable (test_mo2_containment_serialization.Mo2ContainmentSerializationTests.test_v2_metadata_false_failure_remains_readable) ... ok
test_version_two_decision_rejects_mutated_authority_bindings (test_mo2_containment_serialization.Mo2ContainmentSerializationTests.test_version_two_decision_rejects_mutated_authority_bindings) ... ok
test_watch_outcome_rejects_event_attributed_to_unknown_root (test_mo2_containment_serialization.Mo2ContainmentSerializationTests.test_watch_outcome_rejects_event_attributed_to_unknown_root) ... ok
test_watch_outcome_rejects_impossible_or_noncanonical_values (test_mo2_containment_serialization.Mo2ContainmentSerializationTests.test_watch_outcome_rejects_impossible_or_noncanonical_values) ... ok
test_watch_outcome_round_trips_canonically (test_mo2_containment_serialization.Mo2ContainmentSerializationTests.test_watch_outcome_round_trips_canonically) ... ok
test_cleanup_after_result_publication_reuses_immutable_result (test_mo2_containment_service.ContainmentRecoveryTests.test_cleanup_after_result_publication_reuses_immutable_result) ... ok
test_cleanup_refusal_never_starts_fresh_run (test_mo2_containment_service.ContainmentRecoveryTests.test_cleanup_refusal_never_starts_fresh_run) ... ok
test_pre_scenario_interruption_may_retry_once_after_cleanup (test_mo2_containment_service.ContainmentRecoveryTests.test_pre_scenario_interruption_may_retry_once_after_cleanup) ... ok
test_prove_recovery_parses_exact_task4_bindings_and_rejects_mismatch (test_mo2_containment_service.ContainmentRecoveryTests.test_prove_recovery_parses_exact_task4_bindings_and_rejects_mismatch) ... ok
test_read_only_recovery_refusal_performs_zero_cleanup_mutation (test_mo2_containment_service.ContainmentRecoveryTests.test_read_only_recovery_refusal_performs_zero_cleanup_mutation) ... ok
test_recovery_process_access_uncertainty_refuses_without_cleanup (test_mo2_containment_service.ContainmentRecoveryTests.test_recovery_process_access_uncertainty_refuses_without_cleanup) ... ok
test_refused_cleanup_retains_trusted_positive_breach_as_failed_result (test_mo2_containment_service.ContainmentRecoveryTests.test_refused_cleanup_retains_trusted_positive_breach_as_failed_result) ... ok
test_reprove_retry_absence_uses_durable_exact_bindings_after_restart (test_mo2_containment_service.ContainmentRecoveryTests.test_reprove_retry_absence_uses_durable_exact_bindings_after_restart) ... ok
test_scenario_loading_rejects_nonexact_request_schema (test_mo2_containment_service.ContainmentRecoveryTests.test_scenario_loading_rejects_nonexact_request_schema) ... ok
test_scenario_started_without_launch_evidence_is_permanently_refused (test_mo2_containment_service.ContainmentRecoveryTests.test_scenario_started_without_launch_evidence_is_permanently_refused) ... ok
test_started_damaged_or_unbound_launch_proof_refuses_without_mutation (test_mo2_containment_service.ContainmentRecoveryTests.test_started_damaged_or_unbound_launch_proof_refuses_without_mutation) ... ok
test_adjudicate_run_is_not_poisoned_by_later_same_command_failure (test_mo2_containment_service.ContainmentServiceTests.test_adjudicate_run_is_not_poisoned_by_later_same_command_failure) ... ok
test_adjudicate_run_preserves_failed_precedence_over_damaged_evidence (test_mo2_containment_service.ContainmentServiceTests.test_adjudicate_run_preserves_failed_precedence_over_damaged_evidence) ... ok
test_adjudicate_run_preserves_historical_failed_over_predecessor_damage (test_mo2_containment_service.ContainmentServiceTests.test_adjudicate_run_preserves_historical_failed_over_predecessor_damage) ... ok
test_adjudicate_run_requires_every_listed_predecessor_evidence (test_mo2_containment_service.ContainmentServiceTests.test_adjudicate_run_requires_every_listed_predecessor_evidence) ... ok
test_adjudicate_run_requires_intact_current_intent_request_binding (test_mo2_containment_service.ContainmentServiceTests.test_adjudicate_run_requires_intact_current_intent_request_binding) ... ok
test_adjudicate_run_retains_same_command_failed_history_only (test_mo2_containment_service.ContainmentServiceTests.test_adjudicate_run_retains_same_command_failed_history_only) ... ok
test_adjudicate_run_supersedes_only_exact_consumed_prestart_retry (test_mo2_containment_service.ContainmentServiceTests.test_adjudicate_run_supersedes_only_exact_consumed_prestart_retry) ... ok
test_adjudicate_run_turns_damaged_current_evidence_into_incomplete (test_mo2_containment_service.ContainmentServiceTests.test_adjudicate_run_turns_damaged_current_evidence_into_incomplete) ... ok
test_adopted_folder_is_quarantined_even_if_output_inspection_fails (test_mo2_containment_service.ContainmentServiceTests.test_adopted_folder_is_quarantined_even_if_output_inspection_fails) ... ok
test_adoption_accepts_exact_payload_plus_mo2_generated_metadata (test_mo2_containment_service.ContainmentServiceTests.test_adoption_accepts_exact_payload_plus_mo2_generated_metadata) ... ok
test_adoption_failures_and_exact_outputs_fail_closed (test_mo2_containment_service.ContainmentServiceTests.test_adoption_failures_and_exact_outputs_fail_closed) ... ok
test_arm_fails_closed_when_successful_watch_effects_cannot_be_observed (test_mo2_containment_service.ContainmentServiceTests.test_arm_fails_closed_when_successful_watch_effects_cannot_be_observed) ... ok
test_arm_failure_after_watcher_launch_preserves_exact_partial_effects (test_mo2_containment_service.ContainmentServiceTests.test_arm_failure_after_watcher_launch_preserves_exact_partial_effects) ... ok
test_arm_nests_watch_failure_when_post_effects_cannot_be_observed (test_mo2_containment_service.ContainmentServiceTests.test_arm_nests_watch_failure_when_post_effects_cannot_be_observed) ... ok
test_arm_pre_mutation_watch_refusal_does_not_claim_watch_root (test_mo2_containment_service.ContainmentServiceTests.test_arm_pre_mutation_watch_refusal_does_not_claim_watch_root) ... ok
test_arm_scenario_public_workflow_persists_before_watcher_ready (test_mo2_containment_service.ContainmentServiceTests.test_arm_scenario_public_workflow_persists_before_watcher_ready) ... ok
test_capture_failure_after_terminal_transition_preserves_all_effects (test_mo2_containment_service.ContainmentServiceTests.test_capture_failure_after_terminal_transition_preserves_all_effects) ... ok
test_completed_typed_policy_failures_are_failed_without_root_breach (test_mo2_containment_service.ContainmentServiceTests.test_completed_typed_policy_failures_are_failed_without_root_breach) ... ok
test_decision_bindings_use_tree_of_the_observed_commit (test_mo2_containment_service.ContainmentServiceTests.test_decision_bindings_use_tree_of_the_observed_commit) ... ok
test_decision_binds_complete_corrected_authority (test_mo2_containment_service.ContainmentServiceTests.test_decision_binds_complete_corrected_authority) ... ok
test_early_adjudication_refuses_without_freezing_decision (test_mo2_containment_service.ContainmentServiceTests.test_early_adjudication_refuses_without_freezing_decision)
Missing terminal evidence must not become an immutable authority record. ... ok
test_expected_new_folder_does_not_invalidate_retained_projection (test_mo2_containment_service.ContainmentServiceTests.test_expected_new_folder_does_not_invalidate_retained_projection) ... ok
test_failed_result_cannot_be_hidden_by_later_passed_result (test_mo2_containment_service.ContainmentServiceTests.test_failed_result_cannot_be_hidden_by_later_passed_result) ... ok
test_historical_result_load_returns_all_changes_without_write_effects (test_mo2_containment_service.ContainmentServiceTests.test_historical_result_load_returns_all_changes_without_write_effects) ... ok
test_launch_and_capture_reload_exact_durable_launch_after_restart (test_mo2_containment_service.ContainmentServiceTests.test_launch_and_capture_reload_exact_durable_launch_after_restart) ... ok
test_launch_failure_after_evidence_write_preserves_mo2_and_paths (test_mo2_containment_service.ContainmentServiceTests.test_launch_failure_after_evidence_write_preserves_mo2_and_paths) ... ok
test_legacy_nonterminal_classifier_run_does_not_block_current_policy (test_mo2_containment_service.ContainmentServiceTests.test_legacy_nonterminal_classifier_run_does_not_block_current_policy) ... ok
test_merge_and_replace_pass_only_with_zero_source_events_and_hash_match (test_mo2_containment_service.ContainmentServiceTests.test_merge_and_replace_pass_only_with_zero_source_events_and_hash_match) ... ok
test_mismatched_result_outcome_refuses_without_writing_decision (test_mo2_containment_service.ContainmentServiceTests.test_mismatched_result_outcome_refuses_without_writing_decision) ... ok
test_missing_adoption_output_after_interrupted_ui_is_incomplete (test_mo2_containment_service.ContainmentServiceTests.test_missing_adoption_output_after_interrupted_ui_is_incomplete) ... ok
test_multiple_positive_retained_projections_are_not_a_count_violation (test_mo2_containment_service.ContainmentServiceTests.test_multiple_positive_retained_projections_are_not_a_count_violation) ... ok
test_nonterminal_journal_refuses_complete_decision_without_writing (test_mo2_containment_service.ContainmentServiceTests.test_nonterminal_journal_refuses_complete_decision_without_writing) ... ok
test_pre_v4_nonterminal_runs_do_not_block_current_classification_policy (test_mo2_containment_service.ContainmentServiceTests.test_pre_v4_nonterminal_runs_do_not_block_current_classification_policy) ... ok
test_prepare_partial_fixture_failure_reports_only_entered_root (test_mo2_containment_service.ContainmentServiceTests.test_prepare_partial_fixture_failure_reports_only_entered_root) ... ok
test_prepare_pre_mutation_refusal_does_not_claim_fixture_root (test_mo2_containment_service.ContainmentServiceTests.test_prepare_pre_mutation_refusal_does_not_claim_fixture_root) ... ok
test_prepare_run_binds_the_single_consumed_retry_to_its_new_request (test_mo2_containment_service.ContainmentServiceTests.test_prepare_run_binds_the_single_consumed_retry_to_its_new_request) ... ok
test_prepare_run_cannot_bypass_available_retry_by_omitting_ticket (test_mo2_containment_service.ContainmentServiceTests.test_prepare_run_cannot_bypass_available_retry_by_omitting_ticket) ... ok
test_prepare_run_consumes_retry_before_fixture_work_and_never_refunds_it (test_mo2_containment_service.ContainmentServiceTests.test_prepare_run_consumes_retry_before_fixture_work_and_never_refunds_it) ... ok
test_prepare_run_generates_identity_before_confined_fixture_creation (test_mo2_containment_service.ContainmentServiceTests.test_prepare_run_generates_identity_before_confined_fixture_creation) ... ok
test_prepare_run_propagates_uncertain_run_enumeration_before_fixtures (test_mo2_containment_service.ContainmentServiceTests.test_prepare_run_propagates_uncertain_run_enumeration_before_fixtures) ... ok
test_previous_fixture_policy_remains_readable_without_blocking_current_cohort (test_mo2_containment_service.ContainmentServiceTests.test_previous_fixture_policy_remains_readable_without_blocking_current_cohort) ... ok
test_previous_operator_protocol_refuses_arm_before_any_scenario_write (test_mo2_containment_service.ContainmentServiceTests.test_previous_operator_protocol_refuses_arm_before_any_scenario_write) ... ok
test_previous_operator_protocol_refuses_capture_before_runtime_inspection (test_mo2_containment_service.ContainmentServiceTests.test_previous_operator_protocol_refuses_capture_before_runtime_inspection) ... ok
test_previous_operator_protocol_refuses_launch_before_advancing_journal (test_mo2_containment_service.ContainmentServiceTests.test_previous_operator_protocol_refuses_launch_before_advancing_journal) ... ok
test_previous_operator_protocol_remains_readable_without_blocking_current_cohort (test_mo2_containment_service.ContainmentServiceTests.test_previous_operator_protocol_remains_readable_without_blocking_current_cohort) ... ok
test_projection_producer_distinguishes_wrong_from_unobservable (test_mo2_containment_service.ContainmentServiceTests.test_projection_producer_distinguishes_wrong_from_unobservable) ... ok
test_projection_reobservation_access_failure_is_incomplete (test_mo2_containment_service.ContainmentServiceTests.test_projection_reobservation_access_failure_is_incomplete) ... ok
test_protected_delta_before_adoption_never_moves_staging_into_source (test_mo2_containment_service.ContainmentServiceTests.test_protected_delta_before_adoption_never_moves_staging_into_source) ... ok
test_protected_delta_plus_damaged_terminal_is_failed_but_malformed_only_is_incomplete (test_mo2_containment_service.ContainmentServiceTests.test_protected_delta_plus_damaged_terminal_is_failed_but_malformed_only_is_incomplete) ... ok
test_replace_quarantines_disposable_replacement_and_restores_projection (test_mo2_containment_service.ContainmentServiceTests.test_replace_quarantines_disposable_replacement_and_restores_projection) ... ok
test_replaced_baseline_projection_is_classified_for_quarantine (test_mo2_containment_service.ContainmentServiceTests.test_replaced_baseline_projection_is_classified_for_quarantine) ... ok
test_same_command_prepare_calls_are_serialized_before_snapshot (test_mo2_containment_service.ContainmentServiceTests.test_same_command_prepare_calls_are_serialized_before_snapshot) ... ok
test_supported_requires_all_four_exact_passes (test_mo2_containment_service.ContainmentServiceTests.test_supported_requires_all_four_exact_passes) ... ok
test_terminal_incomplete_run_still_requires_its_available_retry_ticket (test_mo2_containment_service.ContainmentServiceTests.test_terminal_incomplete_run_still_requires_its_available_retry_ticket) ... ok
test_terminal_run_permits_explicit_manual_same_command_run (test_mo2_containment_service.ContainmentServiceTests.test_terminal_run_permits_explicit_manual_same_command_run) ... ok
test_valid_forbidden_event_then_controller_death_is_failed_without_retry (test_mo2_containment_service.ContainmentServiceTests.test_valid_forbidden_event_then_controller_death_is_failed_without_retry) ... ok
test_delegate_and_projection_close_failures_retain_the_union_of_live_owners (test_mo2_containment_service.PreparationProjectionRegressionTests.test_delegate_and_projection_close_failures_retain_the_union_of_live_owners) ... ok
test_job_created_projection_is_observed_without_following_target (test_mo2_containment_service.PreparationProjectionRegressionTests.test_job_created_projection_is_observed_without_following_target) ... ok
test_real_delegate_exception_observes_partial_projection_then_releases_owners (test_mo2_containment_service.PreparationProjectionRegressionTests.test_real_delegate_exception_observes_partial_projection_then_releases_owners) ... ok
test_real_fixture_reaches_guarded_post_observation (test_mo2_containment_service.PreparationProjectionRegressionTests.test_real_fixture_reaches_guarded_post_observation) ... ok
test_recover_preparation_refuses_absent_storage_without_creating_it (test_mo2_containment_service.PreparationProjectionRegressionTests.test_recover_preparation_refuses_absent_storage_without_creating_it) ... ok
test_absent_root_never_enters_ordinary_delegated_mutation_unpinned (test_mo2_containment_service.Task4ExactEffectsFixTests.test_absent_root_never_enters_ordinary_delegated_mutation_unpinned) ... ok
test_child_pin_acquisition_ownership_keeps_later_proven_root_effect (test_mo2_containment_service.Task4ExactEffectsFixTests.test_child_pin_acquisition_ownership_keeps_later_proven_root_effect) ... ok
test_child_pin_acquisition_ownership_unions_retained_close_owner (test_mo2_containment_service.Task4ExactEffectsFixTests.test_child_pin_acquisition_ownership_unions_retained_close_owner) ... ok
test_completed_mutation_snapshot_survives_close_only_ownership (test_mo2_containment_service.Task4ExactEffectsFixTests.test_completed_mutation_snapshot_survives_close_only_ownership) ... ok
test_controlled_creation_cannot_substitute_new_object_before_it_is_pinned (test_mo2_containment_service.Task4ExactEffectsFixTests.test_controlled_creation_cannot_substitute_new_object_before_it_is_pinned) ... ok
test_controlled_creation_partial_chain_receipts_only_created_component (test_mo2_containment_service.Task4ExactEffectsFixTests.test_controlled_creation_partial_chain_receipts_only_created_component) ... ok
test_controlled_creation_retains_every_new_component_before_delegate (test_mo2_containment_service.Task4ExactEffectsFixTests.test_controlled_creation_retains_every_new_component_before_delegate) ... ok
test_created_candidate_receipt_lookup_ownership_preserves_all_owners (test_mo2_containment_service.Task4ExactEffectsFixTests.test_created_candidate_receipt_lookup_ownership_preserves_all_owners) ... ok
test_created_candidate_receipt_rejects_changed_pinned_path_binding (test_mo2_containment_service.Task4ExactEffectsFixTests.test_created_candidate_receipt_rejects_changed_pinned_path_binding) ... ok
test_created_without_handle_evidence_is_receipted_without_path_cleanup (test_mo2_containment_service.Task4ExactEffectsFixTests.test_created_without_handle_evidence_is_receipted_without_path_cleanup) ... ok
test_creation_outcome_survives_service_outer_union_and_failed_retry (test_mo2_containment_service.Task4ExactEffectsFixTests.test_creation_outcome_survives_service_outer_union_and_failed_retry) ... ok
test_creation_outer_retry_preserves_new_owner_after_candidate_cleanup (test_mo2_containment_service.Task4ExactEffectsFixTests.test_creation_outer_retry_preserves_new_owner_after_candidate_cleanup) ... ok
test_creation_receipt_interrupt_preserves_primary_owners_and_proven_effects (test_mo2_containment_service.Task4ExactEffectsFixTests.test_creation_receipt_interrupt_preserves_primary_owners_and_proven_effects) ... ok
test_delegated_guard_rejects_ancestor_swap_during_root_acquisition (test_mo2_containment_service.Task4ExactEffectsFixTests.test_delegated_guard_rejects_ancestor_swap_during_root_acquisition) ... ok
test_delegated_mutation_rejects_ancestor_junction_before_delegate (test_mo2_containment_service.Task4ExactEffectsFixTests.test_delegated_mutation_rejects_ancestor_junction_before_delegate) ... ok
test_delegated_mutation_rejects_nested_junction_before_delegate (test_mo2_containment_service.Task4ExactEffectsFixTests.test_delegated_mutation_rejects_nested_junction_before_delegate) ... ok
test_delegated_mutation_rejects_root_junction_before_delegate (test_mo2_containment_service.Task4ExactEffectsFixTests.test_delegated_mutation_rejects_root_junction_before_delegate) ... ok
test_delegated_mutation_reports_root_then_fails_if_delegate_creates_reparse (test_mo2_containment_service.Task4ExactEffectsFixTests.test_delegated_mutation_reports_root_then_fails_if_delegate_creates_reparse) ... ok
test_delegated_observation_failure_preserves_store_ownership_type (test_mo2_containment_service.Task4ExactEffectsFixTests.test_delegated_observation_failure_preserves_store_ownership_type) ... ok
test_delegated_root_ancestor_cannot_be_swapped_during_delegate (test_mo2_containment_service.Task4ExactEffectsFixTests.test_delegated_root_ancestor_cannot_be_swapped_during_delegate) ... ok
test_delegated_root_cannot_be_swapped_in_pre_delegate_gap (test_mo2_containment_service.Task4ExactEffectsFixTests.test_delegated_root_cannot_be_swapped_in_pre_delegate_gap) ... ok
test_dual_operation_and_observer_ownership_is_unioned_and_resolvable (test_mo2_containment_service.Task4ExactEffectsFixTests.test_dual_operation_and_observer_ownership_is_unioned_and_resolvable) ... ok
test_effect_merge_preserves_repeated_preparation_launches_in_order (test_mo2_containment_service.Task4ExactEffectsFixTests.test_effect_merge_preserves_repeated_preparation_launches_in_order) ... ok
test_effect_receipt_rejects_relative_paths (test_mo2_containment_service.Task4ExactEffectsFixTests.test_effect_receipt_rejects_relative_paths) ... ok
test_exact_created_candidate_cleanup_success_has_no_surviving_receipt (test_mo2_containment_service.Task4ExactEffectsFixTests.test_exact_created_candidate_cleanup_success_has_no_surviving_receipt) ... ok
test_interrupted_snapshot_closes_retained_pins_without_completing_observation (test_mo2_containment_service.Task4ExactEffectsFixTests.test_interrupted_snapshot_closes_retained_pins_without_completing_observation) ... ok
test_interrupted_snapshot_unions_acquisition_retained_and_close_failure_owners (test_mo2_containment_service.Task4ExactEffectsFixTests.test_interrupted_snapshot_unions_acquisition_retained_and_close_failure_owners) ... ok
test_launch_evidence_ownership_failure_is_not_flattened_or_transitioned (test_mo2_containment_service.Task4ExactEffectsFixTests.test_launch_evidence_ownership_failure_is_not_flattened_or_transitioned) ... ok
test_launch_helper_failure_after_creation_preserves_mo2_pid (test_mo2_containment_service.Task4ExactEffectsFixTests.test_launch_helper_failure_after_creation_preserves_mo2_pid) ... ok
test_multi_root_post_observation_collects_every_position_and_change (test_mo2_containment_service.Task4ExactEffectsFixTests.test_multi_root_post_observation_collects_every_position_and_change) ... ok
test_multi_root_unions_all_observers_and_dual_operation_owner (test_mo2_containment_service.Task4ExactEffectsFixTests.test_multi_root_unions_all_observers_and_dual_operation_owner) ... ok
test_mutation_guard_allows_unrelated_sibling_creation_during_acquisition (test_mo2_containment_service.Task4ExactEffectsFixTests.test_mutation_guard_allows_unrelated_sibling_creation_during_acquisition) ... ok
test_mutation_guard_identity_lookup_ownership_remains_resolvable (test_mo2_containment_service.Task4ExactEffectsFixTests.test_mutation_guard_identity_lookup_ownership_remains_resolvable) ... ok
test_mutation_guard_rejects_exact_root_swap_during_acquisition (test_mo2_containment_service.Task4ExactEffectsFixTests.test_mutation_guard_rejects_exact_root_swap_during_acquisition) ... ok
test_mutation_guard_rejects_same_file_id_from_foreign_volume (test_mo2_containment_service.Task4ExactEffectsFixTests.test_mutation_guard_rejects_same_file_id_from_foreign_volume) ... ok
test_mutation_guard_retains_the_native_canonical_path_identity (test_mo2_containment_service.Task4ExactEffectsFixTests.test_mutation_guard_retains_the_native_canonical_path_identity) ... ok
test_mutation_observation_allows_unrelated_ancestor_sibling_creation (test_mo2_containment_service.Task4ExactEffectsFixTests.test_mutation_observation_allows_unrelated_ancestor_sibling_creation) ... ok
test_mutation_observation_rejects_directory_swap_during_enumeration (test_mo2_containment_service.Task4ExactEffectsFixTests.test_mutation_observation_rejects_directory_swap_during_enumeration) ... ok
test_post_pin_identity_lookup_ownership_closes_guard_and_remains_resolvable (test_mo2_containment_service.Task4ExactEffectsFixTests.test_post_pin_identity_lookup_ownership_closes_guard_and_remains_resolvable) ... ok
test_surviving_exact_created_candidate_is_receipted_before_ownership_refusal (test_mo2_containment_service.Task4ExactEffectsFixTests.test_surviving_exact_created_candidate_is_receipted_before_ownership_refusal) ... ok
test_verification_only_native_creation_refusal_has_no_receipt (test_mo2_containment_service.Task4ExactEffectsFixTests.test_verification_only_native_creation_refusal_has_no_receipt) ... ok
test_bound_decision_is_immutable_for_identical_and_changed_bytes (test_mo2_containment_store.ContainmentStoreTests.test_bound_decision_is_immutable_for_identical_and_changed_bytes) ... ok
test_bound_decision_probe_rejects_wrong_run_and_noncanonical_bytes (test_mo2_containment_store.ContainmentStoreTests.test_bound_decision_probe_rejects_wrong_run_and_noncanonical_bytes) ... ok
test_captured_transition_requires_durable_after_and_result (test_mo2_containment_store.ContainmentStoreTests.test_captured_transition_requires_durable_after_and_result) ... ok
test_claim_and_transitions_are_atomic_and_idempotent (test_mo2_containment_store.ContainmentStoreTests.test_claim_and_transitions_are_atomic_and_idempotent) ... ok
test_command_lock_serializes_same_root_and_fingerprint (test_mo2_containment_store.ContainmentStoreTests.test_command_lock_serializes_same_root_and_fingerprint) ... ok
test_decision_resolution_does_not_hide_malformed_nested_result (test_mo2_containment_store.ContainmentStoreTests.test_decision_resolution_does_not_hide_malformed_nested_result) ... ok
test_effect_recorder_distinguishes_post_publication_from_prepublication_failure (test_mo2_containment_store.ContainmentStoreTests.test_effect_recorder_distinguishes_post_publication_from_prepublication_failure) ... ok
test_effect_recorder_keeps_posix_promotion_before_late_failure (test_mo2_containment_store.ContainmentStoreTests.test_effect_recorder_keeps_posix_promotion_before_late_failure) ... ok
test_effect_recorder_keeps_write_when_replace_fails_after_mutation (test_mo2_containment_store.ContainmentStoreTests.test_effect_recorder_keeps_write_when_replace_fails_after_mutation) ... ok
test_failed_immutable_cleanup_records_surviving_part (test_mo2_containment_store.ContainmentStoreTests.test_failed_immutable_cleanup_records_surviving_part) ... ok
test_failed_posix_immutable_promotion_records_unexpected_new_target (test_mo2_containment_store.ContainmentStoreTests.test_failed_posix_immutable_promotion_records_unexpected_new_target) ... ok
test_failed_replacement_cleanup_records_surviving_part_only (test_mo2_containment_store.ContainmentStoreTests.test_failed_replacement_cleanup_records_surviving_part_only) ... ok
test_failed_replacement_records_deleted_target (test_mo2_containment_store.ContainmentStoreTests.test_failed_replacement_records_deleted_target) ... ok
test_failed_windows_immutable_publication_records_unexpected_new_target (test_mo2_containment_store.ContainmentStoreTests.test_failed_windows_immutable_publication_records_unexpected_new_target) ... ok
test_journal_replace_uses_post_rename_durability_helper (test_mo2_containment_store.ContainmentStoreTests.test_journal_replace_uses_post_rename_durability_helper) ... ok
test_launch_evidence_is_strict_immutable_and_restart_loadable (test_mo2_containment_store.ContainmentStoreTests.test_launch_evidence_is_strict_immutable_and_restart_loadable) ... ok
test_list_run_ids_accepts_valid_direct_directory_and_ignores_unrelated (test_mo2_containment_store.ContainmentStoreTests.test_list_run_ids_accepts_valid_direct_directory_and_ignores_unrelated) ... ok
test_list_run_ids_rejects_case_variant_run_name (test_mo2_containment_store.ContainmentStoreTests.test_list_run_ids_rejects_case_variant_run_name) ... ok
test_list_run_ids_rejects_no_follow_stat_uncertainty (test_mo2_containment_store.ContainmentStoreTests.test_list_run_ids_rejects_no_follow_stat_uncertainty) ... ok
test_list_run_ids_rejects_regular_file_impostor (test_mo2_containment_store.ContainmentStoreTests.test_list_run_ids_rejects_regular_file_impostor) ... ok
test_list_run_ids_rejects_reparse_directory_metadata (test_mo2_containment_store.ContainmentStoreTests.test_list_run_ids_rejects_reparse_directory_metadata) ... ok
test_list_run_ids_rejects_symlink_when_supported (test_mo2_containment_store.ContainmentStoreTests.test_list_run_ids_rejects_symlink_when_supported) ... skipped "directory symlink unavailable: [WinError 1314] A required privilege is not held by the client: 'C:\\\\Users\\\\red\\\\Desktop\\\\Modlab\\\\.worktrees\\\\mo2-guard-bridge-handshake\\\\nt\\\\modlab-containment-store-ep7n0cm8\\\\target' -> 'C:\\\\Users\\\\red\\\\Desktop\\\\Modlab\\\\.worktrees\\\\mo2-guard-bridge-handshake\\\\nt\\\\modlab-containment-store-ep7n0cm8\\\\dddddddddddddddddddddddddddddddd'"
test_malformed_capability_decision_has_a_typed_read_error (test_mo2_containment_store.ContainmentStoreTests.test_malformed_capability_decision_has_a_typed_read_error) ... ok
test_malformed_scenario_result_has_a_typed_read_error (test_mo2_containment_store.ContainmentStoreTests.test_malformed_scenario_result_has_a_typed_read_error) ... ok
test_mutable_part_path_is_lexical_when_host_name_is_mocked (test_mo2_containment_store.ContainmentStoreTests.test_mutable_part_path_is_lexical_when_host_name_is_mocked) ... ok
test_noncanonical_scenario_result_has_a_typed_read_error (test_mo2_containment_store.ContainmentStoreTests.test_noncanonical_scenario_result_has_a_typed_read_error) ... ok
test_open_readonly_never_prepares_existing_root_or_children (test_mo2_containment_store.ContainmentStoreTests.test_open_readonly_never_prepares_existing_root_or_children) ... ok
test_open_readonly_requires_existing_root_without_creating_it (test_mo2_containment_store.ContainmentStoreTests.test_open_readonly_requires_existing_root_without_creating_it) ... ok
test_posix_durable_replace_syncs_parent_directory (test_mo2_containment_store.ContainmentStoreTests.test_posix_durable_replace_syncs_parent_directory) ... ok
test_posix_immutable_promotion_fails_closed_on_windows (test_mo2_containment_store.ContainmentStoreTests.test_posix_immutable_promotion_fails_closed_on_windows) ... ok
test_posix_immutable_promotion_keeps_hard_link_no_replace_behavior (test_mo2_containment_store.ContainmentStoreTests.test_posix_immutable_promotion_keeps_hard_link_no_replace_behavior) ... ok
test_result_and_decision_are_immutable (test_mo2_containment_store.ContainmentStoreTests.test_result_and_decision_are_immutable) ... ok
test_retry_authority_consumption_never_uses_durable_replacement (test_mo2_containment_store.ContainmentStoreTests.test_retry_authority_consumption_never_uses_durable_replacement) ... ok
test_retry_authority_is_exact_and_consumed_once (test_mo2_containment_store.ContainmentStoreTests.test_retry_authority_is_exact_and_consumed_once) ... ok
test_retry_authority_rejects_embedded_consumer_marker_conflict (test_mo2_containment_store.ContainmentStoreTests.test_retry_authority_rejects_embedded_consumer_marker_conflict) ... ok
test_retry_authority_rejects_foreign_consumption_marker (test_mo2_containment_store.ContainmentStoreTests.test_retry_authority_rejects_foreign_consumption_marker) ... ok
test_retry_authority_rejects_legacy_embedded_consumption_without_marker (test_mo2_containment_store.ContainmentStoreTests.test_retry_authority_rejects_legacy_embedded_consumption_without_marker) ... ok
test_retry_authority_rejects_malformed_consumption_marker (test_mo2_containment_store.ContainmentStoreTests.test_retry_authority_rejects_malformed_consumption_marker) ... ok
test_retry_consumption_publication_failure_leaves_authority_available (test_mo2_containment_store.ContainmentStoreTests.test_retry_consumption_publication_failure_leaves_authority_available) ... ok
test_retry_consumption_refuses_success_when_marker_readback_is_missing (test_mo2_containment_store.ContainmentStoreTests.test_retry_consumption_refuses_success_when_marker_readback_is_missing) ... ok
test_run_intent_is_immutable_canonical_and_precedes_request (test_mo2_containment_store.ContainmentStoreTests.test_run_intent_is_immutable_canonical_and_precedes_request) ... ok
test_store_uses_exact_confined_layout_and_rejects_tampered_readback (test_mo2_containment_store.ContainmentStoreTests.test_store_uses_exact_confined_layout_and_rejects_tampered_readback) ... ok
test_windows_durable_replace_uses_replace_existing_and_write_through (test_mo2_containment_store.ContainmentStoreTests.test_windows_durable_replace_uses_replace_existing_and_write_through) ... ok
test_windows_immutable_write_never_publishes_a_substitute_at_candidate_path (test_mo2_containment_store.ContainmentStoreTests.test_windows_immutable_write_never_publishes_a_substitute_at_candidate_path) ... ok
test_windows_immutable_write_preserves_structured_ownership_for_retry (test_mo2_containment_store.ContainmentStoreTests.test_windows_immutable_write_preserves_structured_ownership_for_retry) ... ok
test_windows_immutable_writes_route_only_to_retained_publication (test_mo2_containment_store.ContainmentStoreTests.test_windows_immutable_writes_route_only_to_retained_publication) ... ok
test_windows_ownership_failure_records_surviving_candidate_path (test_mo2_containment_store.ContainmentStoreTests.test_windows_ownership_failure_records_surviving_candidate_path) ... ok
test_authority_file_exact_read_failure_prevents_completion (test_mo2_containment_watch.MutationWatchTests.test_authority_file_exact_read_failure_prevents_completion) ... ok
test_authority_file_handle_close_failure_prevents_completion (test_mo2_containment_watch.MutationWatchTests.test_authority_file_handle_close_failure_prevents_completion) ... ok
test_bound_event_survives_exact_controller_death_as_incomplete (test_mo2_containment_watch.MutationWatchTests.test_bound_event_survives_exact_controller_death_as_incomplete) ... ok
test_bound_event_survives_unrelated_terminal_incompleteness (test_mo2_containment_watch.MutationWatchTests.test_bound_event_survives_unrelated_terminal_incompleteness) ... ok
test_cancel_io_completion_races_are_drained (test_mo2_containment_watch.MutationWatchTests.test_cancel_io_completion_races_are_drained) ... ok
test_cleanup_waits_for_exact_winner_close_before_loading_outcome (test_mo2_containment_watch.MutationWatchTests.test_cleanup_waits_for_exact_winner_close_before_loading_outcome) ... ok
test_complete_mutation_evidence_is_not_unchanged (test_mo2_containment_watch.MutationWatchTests.test_complete_mutation_evidence_is_not_unchanged) ... ok
test_completed_outcome_publication_failure_falls_back_to_incomplete (test_mo2_containment_watch.MutationWatchTests.test_completed_outcome_publication_failure_falls_back_to_incomplete) ... ok
test_completed_outcome_reconstructs_without_evidence_reopen (test_mo2_containment_watch.MutationWatchTests.test_completed_outcome_reconstructs_without_evidence_reopen) ... ok
test_completion_event_setup_close_failure_preserves_handle_reference (test_mo2_containment_watch.MutationWatchTests.test_completion_event_setup_close_failure_preserves_handle_reference) ... ok
test_concurrent_local_stops_share_one_completion_session (test_mo2_containment_watch.MutationWatchTests.test_concurrent_local_stops_share_one_completion_session) ... ok
test_concurrent_non_owners_both_refuse_a_live_controller (test_mo2_containment_watch.MutationWatchTests.test_concurrent_non_owners_both_refuse_a_live_controller) ... ok
test_controller_capture_public_stop_retains_each_read_owner (test_mo2_containment_watch.MutationWatchTests.test_controller_capture_public_stop_retains_each_read_owner) ... ok
test_controller_death_after_launch_before_ready_acceptance_is_incomplete (test_mo2_containment_watch.MutationWatchTests.test_controller_death_after_launch_before_ready_acceptance_is_incomplete) ... ok
test_controller_death_after_terminal_before_outcome_cannot_promote (test_mo2_containment_watch.MutationWatchTests.test_controller_death_after_terminal_before_outcome_cannot_promote) ... ok
test_controller_death_after_token_before_terminal_is_incomplete (test_mo2_containment_watch.MutationWatchTests.test_controller_death_after_token_before_terminal_is_incomplete) ... ok
test_controller_death_before_launch_publication_is_mechanically_incomplete (test_mo2_containment_watch.MutationWatchTests.test_controller_death_before_launch_publication_is_mechanically_incomplete) ... ok
test_controller_pid_barrier_is_nonempty_before_visibility (test_mo2_containment_watch.MutationWatchTests.test_controller_pid_barrier_is_nonempty_before_visibility) ... ok
test_controller_pid_barrier_waits_for_retained_publisher_close (test_mo2_containment_watch.MutationWatchTests.test_controller_pid_barrier_waits_for_retained_publisher_close) ... ok
test_controller_process_status_retains_failed_and_interrupted_cleanup (test_mo2_containment_watch.MutationWatchTests.test_controller_process_status_retains_failed_and_interrupted_cleanup) ... ok
test_dead_owner_cleanup_faults_are_explicitly_incomplete (test_mo2_containment_watch.MutationWatchTests.test_dead_owner_cleanup_faults_are_explicitly_incomplete) ... ok
test_dead_owner_worker_identity_uncertainty_is_explicit_and_read_only (test_mo2_containment_watch.MutationWatchTests.test_dead_owner_worker_identity_uncertainty_is_explicit_and_read_only) ... ok
test_equal_root_identities_preserve_all_logical_kinds_and_fan_out_events (test_mo2_containment_watch.MutationWatchTests.test_equal_root_identities_preserve_all_logical_kinds_and_fan_out_events) ... ok
test_event_journal_close_failure_keeps_handle_for_retry (test_mo2_containment_watch.MutationWatchTests.test_event_journal_close_failure_keeps_handle_for_retry) ... ok
test_event_journal_init_retains_handle_when_unwind_close_fails (test_mo2_containment_watch.MutationWatchTests.test_event_journal_init_retains_handle_when_unwind_close_fails) ... ok
test_event_journal_readback_close_failure_preserves_handle_reference (test_mo2_containment_watch.MutationWatchTests.test_event_journal_readback_close_failure_preserves_handle_reference) ... ok
test_events_and_manifests_are_independent_required_proofs (test_mo2_containment_watch.MutationWatchTests.test_events_and_manifests_are_independent_required_proofs) ... ok
test_every_exact_root_kind_is_armed_cancelled_and_attributed (test_mo2_containment_watch.MutationWatchTests.test_every_exact_root_kind_is_armed_cancelled_and_attributed) ... ok
test_exact_root_kinds_and_confined_protocol_paths_are_required (test_mo2_containment_watch.MutationWatchTests.test_exact_root_kinds_and_confined_protocol_paths_are_required) ... ok
test_existing_incomplete_outcome_reports_new_cleanup_blocker (test_mo2_containment_watch.MutationWatchTests.test_existing_incomplete_outcome_reports_new_cleanup_blocker) ... ok
test_existing_outcome_public_stop_preserves_owner_when_protocol_wrapping_fails (test_mo2_containment_watch.MutationWatchTests.test_existing_outcome_public_stop_preserves_owner_when_protocol_wrapping_fails) ... ok
test_existing_outcome_public_stop_preserves_persistent_read_ownership (test_mo2_containment_watch.MutationWatchTests.test_existing_outcome_public_stop_preserves_persistent_read_ownership) ... ok
test_existing_outcome_public_stop_resolves_transient_read_ownership (test_mo2_containment_watch.MutationWatchTests.test_existing_outcome_public_stop_resolves_transient_read_ownership) ... ok
test_external_fixture_cleanup_waits_exact_worker_after_fixture_failure (test_mo2_containment_watch.MutationWatchTests.test_external_fixture_cleanup_waits_exact_worker_after_fixture_failure) ... ok
test_guard_chain_closes_new_child_on_every_pretransfer_validation_failure (test_mo2_containment_watch.MutationWatchTests.test_guard_chain_closes_new_child_on_every_pretransfer_validation_failure) ... ok
test_guard_chain_detects_ancestor_reparse_swap_before_descendant_open (test_mo2_containment_watch.MutationWatchTests.test_guard_chain_detects_ancestor_reparse_swap_before_descendant_open) ... ok
test_guard_chain_detects_parent_replace_restore_before_descendant_open (test_mo2_containment_watch.MutationWatchTests.test_guard_chain_detects_parent_replace_restore_before_descendant_open) ... ok
test_incomplete_outcome_cannot_be_promoted_by_terminal_files (test_mo2_containment_watch.MutationWatchTests.test_incomplete_outcome_cannot_be_promoted_by_terminal_files) ... ok
test_intentional_cancel_completes_without_an_overflow (test_mo2_containment_watch.MutationWatchTests.test_intentional_cancel_completes_without_an_overflow) ... ok
test_interleaved_alias_groups_keep_canonical_logical_coverage (test_mo2_containment_watch.MutationWatchTests.test_interleaved_alias_groups_keep_canonical_logical_coverage) ... ok
test_launch_publication_failure_uses_owned_incomplete_cleanup (test_mo2_containment_watch.MutationWatchTests.test_launch_publication_failure_uses_owned_incomplete_cleanup) ... ok
test_live_event_journal_cannot_be_reopened_for_write_or_delete (test_mo2_containment_watch.MutationWatchTests.test_live_event_journal_cannot_be_reopened_for_write_or_delete) ... ok
test_malformed_event_gap_overflow_and_unclosed_handle_are_incomplete (test_mo2_containment_watch.MutationWatchTests.test_malformed_event_gap_overflow_and_unclosed_handle_are_incomplete) ... ok
test_malformed_native_notification_record_is_rejected (test_mo2_containment_watch.MutationWatchTests.test_malformed_native_notification_record_is_rejected) ... ok
test_mutable_evidence_completion_helper_is_removed (test_mo2_containment_watch.MutationWatchTests.test_mutable_evidence_completion_helper_is_removed) ... ok
test_new_write_ownership_error_preserves_role_and_retry_contract (test_mo2_containment_watch.MutationWatchTests.test_new_write_ownership_error_preserves_role_and_retry_contract) ... ok
test_non_owner_after_exact_controller_death_is_cleanup_only (test_mo2_containment_watch.MutationWatchTests.test_non_owner_after_exact_controller_death_is_cleanup_only) ... ok
test_non_owner_identity_uncertainty_refuses_all_mutation (test_mo2_containment_watch.MutationWatchTests.test_non_owner_identity_uncertainty_refuses_all_mutation) ... ok
test_non_owner_preserves_publication_owner_when_worker_close_is_interrupted (test_mo2_containment_watch.MutationWatchTests.test_non_owner_preserves_publication_owner_when_worker_close_is_interrupted) ... ok
test_non_owner_public_stop_retains_controller_and_worker_query_closes (test_mo2_containment_watch.MutationWatchTests.test_non_owner_public_stop_retains_controller_and_worker_query_closes) ... ok
test_non_owner_refuses_without_mutation_while_controller_is_live (test_mo2_containment_watch.MutationWatchTests.test_non_owner_refuses_without_mutation_while_controller_is_live) ... ok
test_noncanonical_or_unbound_outcome_returns_incomplete (test_mo2_containment_watch.MutationWatchTests.test_noncanonical_or_unbound_outcome_returns_incomplete) ... ok
test_orphaned_and_reversed_rename_pairs_are_incomplete (test_mo2_containment_watch.MutationWatchTests.test_orphaned_and_reversed_rename_pairs_are_incomplete) ... ok
test_outcome_and_fallback_boundaries_resolve_ownership_before_receipt (test_mo2_containment_watch.MutationWatchTests.test_outcome_and_fallback_boundaries_resolve_ownership_before_receipt) ... ok
test_outcome_candidate_readback_failure_is_permanently_incomplete (test_mo2_containment_watch.MutationWatchTests.test_outcome_candidate_readback_failure_is_permanently_incomplete) ... ok
test_outcome_candidate_write_and_flush_failures_are_incomplete (test_mo2_containment_watch.MutationWatchTests.test_outcome_candidate_write_and_flush_failures_are_incomplete) ... ok
test_outcome_non_sharing_open_errors_fail_closed_without_retry (test_mo2_containment_watch.MutationWatchTests.test_outcome_non_sharing_open_errors_fail_closed_without_retry) ... ok
test_outcome_publication_has_no_pathname_rename_fallback (test_mo2_containment_watch.MutationWatchTests.test_outcome_publication_has_no_pathname_rename_fallback) ... ok
test_outcome_publication_keeps_the_validated_candidate_handle_through_rename (test_mo2_containment_watch.MutationWatchTests.test_outcome_publication_keeps_the_validated_candidate_handle_through_rename) ... ok
test_outcome_publication_preserves_parent_ownership_for_retry (test_mo2_containment_watch.MutationWatchTests.test_outcome_publication_preserves_parent_ownership_for_retry) ... ok
test_outcome_sharing_timeout_is_bounded_and_preserves_the_winner (test_mo2_containment_watch.MutationWatchTests.test_outcome_sharing_timeout_is_bounded_and_preserves_the_winner) ... ok
test_partial_logical_root_coverage_is_rejected_before_launch (test_mo2_containment_watch.MutationWatchTests.test_partial_logical_root_coverage_is_rejected_before_launch) ... ok
test_process_identity_error_retains_handle_when_unwind_close_fails (test_mo2_containment_watch.MutationWatchTests.test_process_identity_error_retains_handle_when_unwind_close_fails) ... ok
test_process_liveness_probe_retains_handle_when_close_fails (test_mo2_containment_watch.MutationWatchTests.test_process_liveness_probe_retains_handle_when_close_fails) ... ok
test_protocol_record_is_not_visible_until_its_bytes_are_complete (test_mo2_containment_watch.MutationWatchTests.test_protocol_record_is_not_visible_until_its_bytes_are_complete) ... ok
test_public_non_owner_stop_never_flattens_live_ownership_into_a_receipt (test_mo2_containment_watch.MutationWatchTests.test_public_non_owner_stop_never_flattens_live_ownership_into_a_receipt) ... ok
test_public_stop_token_boundary_rethrows_same_unresolved_ownership (test_mo2_containment_watch.MutationWatchTests.test_public_stop_token_boundary_rethrows_same_unresolved_ownership) ... ok
test_ready_and_terminal_records_reject_extra_fields (test_mo2_containment_watch.MutationWatchTests.test_ready_and_terminal_records_reject_extra_fields) ... ok
test_ready_and_terminal_reject_boolean_or_float_schema_versions (test_mo2_containment_watch.MutationWatchTests.test_ready_and_terminal_reject_boolean_or_float_schema_versions) ... ok
test_receipt_files_must_be_the_exact_confined_protocol_paths (test_mo2_containment_watch.MutationWatchTests.test_receipt_files_must_be_the_exact_confined_protocol_paths) ... ok
test_receipt_ignores_mutable_evidence_normalization_after_publication (test_mo2_containment_watch.MutationWatchTests.test_receipt_ignores_mutable_evidence_normalization_after_publication) ... ok
test_recursive_create_write_rename_and_delete_are_ordered (test_mo2_containment_watch.MutationWatchTests.test_recursive_create_write_rename_and_delete_are_ordered) ... ok
test_registered_popen_close_failure_retains_session_until_exact_retry (test_mo2_containment_watch.MutationWatchTests.test_registered_popen_close_failure_retains_session_until_exact_retry) ... ok
test_replaced_or_truncated_event_journal_is_incomplete (test_mo2_containment_watch.MutationWatchTests.test_replaced_or_truncated_event_journal_is_incomplete) ... ok
test_reporting_retains_true_read_owner_without_reversing_stored_completion (test_mo2_containment_watch.MutationWatchTests.test_reporting_retains_true_read_owner_without_reversing_stored_completion) ... ok
test_request_rejects_noncanonical_persisted_path_spelling (test_mo2_containment_watch.MutationWatchTests.test_request_rejects_noncanonical_persisted_path_spelling) ... ok
test_request_schema_rejects_boolean_and_float_integer_values (test_mo2_containment_watch.MutationWatchTests.test_request_schema_rejects_boolean_and_float_integer_values) ... ok
test_retained_chain_blocks_ancestor_reparse_swap_after_ready (test_mo2_containment_watch.MutationWatchTests.test_retained_chain_blocks_ancestor_reparse_swap_after_ready) ... ok
test_retained_chain_blocks_parent_rename_after_ready (test_mo2_containment_watch.MutationWatchTests.test_retained_chain_blocks_parent_rename_after_ready) ... ok
test_root_a_receipt_replayed_for_root_b_is_incomplete (test_mo2_containment_watch.MutationWatchTests.test_root_a_receipt_replayed_for_root_b_is_incomplete) ... ok
test_root_path_replacement_after_ready_is_incomplete (test_mo2_containment_watch.MutationWatchTests.test_root_path_replacement_after_ready_is_incomplete) ... ok
test_same_controller_failure_matrix_is_permanently_incomplete (test_mo2_containment_watch.MutationWatchTests.test_same_controller_failure_matrix_is_permanently_incomplete) ... ok
test_same_controller_protocol_uncertainty_permanently_poisons_session (test_mo2_containment_watch.MutationWatchTests.test_same_controller_protocol_uncertainty_permanently_poisons_session) ... ok
test_same_controller_requires_exact_zero_exit_before_completion (test_mo2_containment_watch.MutationWatchTests.test_same_controller_requires_exact_zero_exit_before_completion) ... ok
test_serialized_request_preserves_duplicate_physical_identities (test_mo2_containment_watch.MutationWatchTests.test_serialized_request_preserves_duplicate_physical_identities) ... ok
test_start_callback_failure_retains_popen_owner_through_detach_interruption (test_mo2_containment_watch.MutationWatchTests.test_start_callback_failure_retains_popen_owner_through_detach_interruption) ... ok
test_start_does_not_notify_pid_when_spawn_fails (test_mo2_containment_watch.MutationWatchTests.test_start_does_not_notify_pid_when_spawn_fails) ... ok
test_start_launch_owner_is_surfaced_only_after_owned_worker_cleanup (test_mo2_containment_watch.MutationWatchTests.test_start_launch_owner_is_surfaced_only_after_owned_worker_cleanup) ... ok
test_start_notifies_exact_pid_before_post_spawn_publication_failure (test_mo2_containment_watch.MutationWatchTests.test_start_notifies_exact_pid_before_post_spawn_publication_failure) ... ok
test_start_publishes_command_bound_claim_before_exact_spawn (test_mo2_containment_watch.MutationWatchTests.test_start_publishes_command_bound_claim_before_exact_spawn) ... ok
test_startup_lock_retry_aborts_when_worker_wait_is_uncertain (test_mo2_containment_watch.MutationWatchTests.test_startup_lock_retry_aborts_when_worker_wait_is_uncertain) ... ok
test_startup_not_found_aborts_when_worker_wait_is_uncertain (test_mo2_containment_watch.MutationWatchTests.test_startup_not_found_aborts_when_worker_wait_is_uncertain) ... ok
test_startup_ready_exact_read_failure_aborts_incomplete (test_mo2_containment_watch.MutationWatchTests.test_startup_ready_exact_read_failure_aborts_incomplete) ... ok
test_startup_ready_owner_survives_a_second_capture_cleanup_failure (test_mo2_containment_watch.MutationWatchTests.test_startup_ready_owner_survives_a_second_capture_cleanup_failure) ... ok
test_startup_retries_exact_ready_not_found_for_exact_live_worker (test_mo2_containment_watch.MutationWatchTests.test_startup_retries_exact_ready_not_found_for_exact_live_worker) ... ok
test_startup_retries_transient_ready_sharing_error_for_exact_live_worker (test_mo2_containment_watch.MutationWatchTests.test_startup_retries_transient_ready_sharing_error_for_exact_live_worker) ... ok
test_stop_token_is_written_and_worker_reaped_when_ready_is_malformed (test_mo2_containment_watch.MutationWatchTests.test_stop_token_is_written_and_worker_reaped_when_ready_is_malformed) ... ok
test_terminal_cannot_claim_complete_without_ready (test_mo2_containment_watch.MutationWatchTests.test_terminal_cannot_claim_complete_without_ready) ... ok
test_terminal_event_hash_count_and_sequence_must_all_match (test_mo2_containment_watch.MutationWatchTests.test_terminal_event_hash_count_and_sequence_must_all_match) ... ok
test_thread_start_failure_closes_opened_handles_and_writes_terminal (test_mo2_containment_watch.MutationWatchTests.test_thread_start_failure_closes_opened_handles_and_writes_terminal) ... ok
test_transient_root_replacement_and_restoration_is_incomplete (test_mo2_containment_watch.MutationWatchTests.test_transient_root_replacement_and_restoration_is_incomplete) ... ok
test_two_cleanup_processes_converge_on_one_incomplete_outcome (test_mo2_containment_watch.MutationWatchTests.test_two_cleanup_processes_converge_on_one_incomplete_outcome) ... ok
test_untrusted_event_evidence_cannot_survive_incomplete_capture (test_mo2_containment_watch.MutationWatchTests.test_untrusted_event_evidence_cannot_survive_incomplete_capture) ... ok
test_verified_process_mismatch_retains_handle_when_close_fails (test_mo2_containment_watch.MutationWatchTests.test_verified_process_mismatch_retains_handle_when_close_fails) ... ok
test_watch_root_close_failure_preserves_identity_handle_reference (test_mo2_containment_watch.MutationWatchTests.test_watch_root_close_failure_preserves_identity_handle_reference) ... ok
test_watch_root_rejects_a_junction_before_resolving_its_target (test_mo2_containment_watch.MutationWatchTests.test_watch_root_rejects_a_junction_before_resolving_its_target) ... ok
test_worker_death_without_terminal_record_is_incomplete (test_mo2_containment_watch.MutationWatchTests.test_worker_death_without_terminal_record_is_incomplete) ... ok
test_worker_identity_unwind_close_uncertainty_writes_terminal (test_mo2_containment_watch.MutationWatchTests.test_worker_identity_unwind_close_uncertainty_writes_terminal) ... ok
test_worker_ready_boundary_rethrows_same_unresolved_ownership_across_retries (test_mo2_containment_watch.MutationWatchTests.test_worker_ready_boundary_rethrows_same_unresolved_ownership_across_retries) ... ok
test_worker_rejects_controller_claim_path_and_command_replay (test_mo2_containment_watch.MutationWatchTests.test_worker_rejects_controller_claim_path_and_command_replay) ... ok
test_worker_self_cancels_after_exact_controller_death (test_mo2_containment_watch.MutationWatchTests.test_worker_self_cancels_after_exact_controller_death) ... ok
test_worker_self_handle_close_uncertainty_is_counted_in_terminal (test_mo2_containment_watch.MutationWatchTests.test_worker_self_handle_close_uncertainty_is_counted_in_terminal) ... ok
test_worker_terminal_and_controller_loss_boundaries_resolve_all_ownership (test_mo2_containment_watch.MutationWatchTests.test_worker_terminal_and_controller_loss_boundaries_resolve_all_ownership) ... ok
test_claim_binds_canonical_request_path_and_exact_worker_command (test_mo2_containment_watch_protocol.WatchProtocolTests.test_claim_binds_canonical_request_path_and_exact_worker_command) ... ok
test_claim_launch_and_loss_round_trip_only_with_exact_request_binding (test_mo2_containment_watch_protocol.WatchProtocolTests.test_claim_launch_and_loss_round_trip_only_with_exact_request_binding) ... ok
test_fixed_protocol_names_are_unambiguous (test_mo2_containment_watch_protocol.WatchProtocolTests.test_fixed_protocol_names_are_unambiguous) ... ok
test_publication_close_failure_preserves_the_primary_error (test_mo2_containment_watch_protocol.WatchProtocolTests.test_publication_close_failure_preserves_the_primary_error) ... ok
test_publication_failure_never_parses_or_leaves_unpublished_temporary (test_mo2_containment_watch_protocol.WatchProtocolTests.test_publication_failure_never_parses_or_leaves_unpublished_temporary) ... ok
test_publication_ownership_error_preserves_each_explicit_role (test_mo2_containment_watch_protocol.WatchProtocolTests.test_publication_ownership_error_preserves_each_explicit_role) ... ok
test_publication_ownership_error_preserves_the_full_owner_collection (test_mo2_containment_watch_protocol.WatchProtocolTests.test_publication_ownership_error_preserves_the_full_owner_collection) ... ok
test_publication_write_rename_and_readback_fail_closed (test_mo2_containment_watch_protocol.WatchProtocolTests.test_publication_write_rename_and_readback_fail_closed) ... ok
test_publish_new_verified_uses_retained_publication_and_refuses_collision (test_mo2_containment_watch_protocol.WatchProtocolTests.test_publish_new_verified_uses_retained_publication_and_refuses_collision) ... ok
test_record_schemas_reject_boolean_integer_and_extra_field (test_mo2_containment_watch_protocol.WatchProtocolTests.test_record_schemas_reject_boolean_integer_and_extra_field) ... ok
test_request_rejects_wrong_types_paths_coverage_and_noncanonical_json (test_mo2_containment_watch_protocol.WatchProtocolTests.test_request_rejects_wrong_types_paths_coverage_and_noncanonical_json) ... ok
test_request_round_trips_with_all_bindings_and_aliases (test_mo2_containment_watch_protocol.WatchProtocolTests.test_request_round_trips_with_all_bindings_and_aliases) ... ok
test_watch_receipt_has_no_serialized_completion_boolean (test_mo2_containment_watch_protocol.WatchProtocolTests.test_watch_receipt_has_no_serialized_completion_boolean) ... ok
test_windows_watch_facade_reexports_protocol_values (test_mo2_containment_watch_protocol.WatchProtocolTests.test_windows_watch_facade_reexports_protocol_values) ... ok
test_real_fixture_is_exact_isolated_and_low_integrity (test_mo2_containment_windows_integration.Mo2ContainmentWindowsIntegrationTests.test_real_fixture_is_exact_isolated_and_low_integrity) ... skipped 'real MO2 archive and Steam root were not supplied'
test_parses_only_explicit_qsettings_boolean_values (test_mo2_ini.Mo2IniTests.test_parses_only_explicit_qsettings_boolean_values) ... ok
test_parses_utf8_bom_sections_and_qsettings_values (test_mo2_ini.Mo2IniTests.test_parses_utf8_bom_sections_and_qsettings_values) ... ok
test_rejects_case_insensitive_duplicate_keys_and_malformed_lines (test_mo2_ini.Mo2IniTests.test_rejects_case_insensitive_duplicate_keys_and_malformed_lines) ... ok
test_rejects_unsupported_qsettings_wrappers_and_broken_escapes (test_mo2_ini.Mo2IniTests.test_rejects_unsupported_qsettings_wrappers_and_broken_escapes) ... ok
test_native_tar_exact_cwd_and_member_limits_then_one_over_no_stage (test_mo2_path_budget.NativePathBudgetTests.test_native_tar_exact_cwd_and_member_limits_then_one_over_no_stage) ... ok
test_python_shared_handle_rename_and_recursive_watcher_at_wide_boundary (test_mo2_path_budget.NativePathBudgetTests.test_python_shared_handle_rename_and_recursive_watcher_at_wide_boundary) ... ok
test_apply_path_refusal_creates_no_job_stage_or_marker (test_mo2_path_budget.PathBudgetEntryPointTests.test_apply_path_refusal_creates_no_job_stage_or_marker) ... ok
test_archive_deep_destination_refuses_without_creating_stage (test_mo2_path_budget.PathBudgetEntryPointTests.test_archive_deep_destination_refuses_without_creating_stage) ... ok
test_containment_prepare_one_over_refuses_before_root_or_record_creation (test_mo2_path_budget.PathBudgetEntryPointTests.test_containment_prepare_one_over_refuses_before_root_or_record_creation) ... ok
test_new_bootstrap_plan_explicitly_selects_new_layout (test_mo2_path_budget.PathBudgetEntryPointTests.test_new_bootstrap_plan_explicitly_selects_new_layout) ... ok
test_refused_prepare_preserves_absent_validation_and_workspace_branches (test_mo2_path_budget.PathBudgetEntryPointTests.test_refused_prepare_preserves_absent_validation_and_workspace_branches) ... ok
test_schema_two_budget_error_is_mapped_before_job_or_stage_creation (test_mo2_path_budget.PathBudgetEntryPointTests.test_schema_two_budget_error_is_mapped_before_job_or_stage_creation) ... ok
test_aliases_unknown_consumers_unbounded_patterns_are_unsupported (test_mo2_path_budget.PathBudgetPolicyTests.test_aliases_unknown_consumers_unbounded_patterns_are_unsupported) ... ok
test_archive_budget_rejects_forged_entry_spelling_kind_and_digest (test_mo2_path_budget.PathBudgetPolicyTests.test_archive_budget_rejects_forged_entry_spelling_kind_and_digest) ... ok
test_bootstrap_budget_uses_exact_mutator_temp_names (test_mo2_path_budget.PathBudgetPolicyTests.test_bootstrap_budget_uses_exact_mutator_temp_names) ... ok
test_budget_roundtrip_cannot_acquire_runtime_scope_or_reinterpret_legacy (test_mo2_path_budget.PathBudgetPolicyTests.test_budget_roundtrip_cannot_acquire_runtime_scope_or_reinterpret_legacy) ... ok
test_containment_budget_names_exact_records_replacements_and_quarantine (test_mo2_path_budget.PathBudgetPolicyTests.test_containment_budget_names_exact_records_replacements_and_quarantine) ... ok
test_exact_consumer_limits_and_one_unit_over (test_mo2_path_budget.PathBudgetPolicyTests.test_exact_consumer_limits_and_one_unit_over) ... ok
test_new_layout_full_identity_and_strict_legacy_plan_and_journal_roundtrips (test_mo2_path_budget.PathBudgetPolicyTests.test_new_layout_full_identity_and_strict_legacy_plan_and_journal_roundtrips) ... ok
test_non_bmp_uses_two_units_and_components_are_bounded (test_mo2_path_budget.PathBudgetPolicyTests.test_non_bmp_uses_two_units_and_components_are_bounded) ... ok
test_schema_one_plan_and_journal_have_fixed_canonical_byte_identities (test_mo2_path_budget.PathBudgetPolicyTests.test_schema_one_plan_and_journal_have_fixed_canonical_byte_identities) ... ok
test_shared_publication_candidate_bounds_pid_thread_and_token (test_mo2_path_budget.PathBudgetPolicyTests.test_shared_publication_candidate_bounds_pid_thread_and_token) ... ok
test_ambiguous_attempt_publication_is_not_adopted_or_retried (test_mo2_preparation_recovery.PreparationRecoveryAdversarialTests.test_ambiguous_attempt_publication_is_not_adopted_or_retried) ... ok
test_attempt_publication_failure_has_reserved_failed_successor_lineage (test_mo2_preparation_recovery.PreparationRecoveryAdversarialTests.test_attempt_publication_failure_has_reserved_failed_successor_lineage) ... ok
test_cached_recovery_holds_all_cleanup_identities_while_reproving_absence (test_mo2_preparation_recovery.PreparationRecoveryAdversarialTests.test_cached_recovery_holds_all_cleanup_identities_while_reproving_absence) ... ok
test_concurrent_consumption_is_atomic_and_cross_command_replay_refuses (test_mo2_preparation_recovery.PreparationRecoveryAdversarialTests.test_concurrent_consumption_is_atomic_and_cross_command_replay_refuses) ... ok
test_cross_reference_refusal_does_not_publish_an_immutable_poison_record (test_mo2_preparation_recovery.PreparationRecoveryAdversarialTests.test_cross_reference_refusal_does_not_publish_an_immutable_poison_record) ... ok
test_exact_consumed_preparation_predecessor_does_not_require_fake_scenario_history (test_mo2_preparation_recovery.PreparationRecoveryAdversarialTests.test_exact_consumed_preparation_predecessor_does_not_require_fake_scenario_history) ... ok
test_failed_replacement_has_its_own_lineage_without_refunding_old_authority (test_mo2_preparation_recovery.PreparationRecoveryAdversarialTests.test_failed_replacement_has_its_own_lineage_without_refunding_old_authority) ... ok
test_fresh_projection_receipt_parent_failure_is_a_durable_new_attempt_failure (test_mo2_preparation_recovery.PreparationRecoveryAdversarialTests.test_fresh_projection_receipt_parent_failure_is_a_durable_new_attempt_failure) ... ok
test_interrupted_cleanup_never_grants_authority_without_exact_reconciliation (test_mo2_preparation_recovery.PreparationRecoveryAdversarialTests.test_interrupted_cleanup_never_grants_authority_without_exact_reconciliation) ... ok
test_interruption_immediately_after_consumption_keeps_exact_failed_identity (test_mo2_preparation_recovery.PreparationRecoveryAdversarialTests.test_interruption_immediately_after_consumption_keeps_exact_failed_identity) ... ok
test_legacy_exact_intent_only_disposition_preserves_every_unproved_fixture (test_mo2_preparation_recovery.PreparationRecoveryAdversarialTests.test_legacy_exact_intent_only_disposition_preserves_every_unproved_fixture) ... ok
test_legacy_failure_cannot_reinterpret_an_existing_new_format_attempt (test_mo2_preparation_recovery.PreparationRecoveryAdversarialTests.test_legacy_failure_cannot_reinterpret_an_existing_new_format_attempt) ... ok
test_legacy_live_process_refusal_does_not_record_an_abandonment (test_mo2_preparation_recovery.PreparationRecoveryAdversarialTests.test_legacy_live_process_refusal_does_not_record_an_abandonment) ... ok
test_legacy_restart_consumes_only_new_authority_and_preserves_old_fixture (test_mo2_preparation_recovery.PreparationRecoveryAdversarialTests.test_legacy_restart_consumes_only_new_authority_and_preserves_old_fixture) ... ok
test_real_archive_unsupported_future_path_preserves_native_failed_attempt (test_mo2_preparation_recovery.PreparationRecoveryAdversarialTests.test_real_archive_unsupported_future_path_preserves_native_failed_attempt) ... ok
test_real_cut_after_attempt_publication_reconciles_only_new_startup (test_mo2_preparation_recovery.PreparationRecoveryAdversarialTests.test_real_cut_after_attempt_publication_reconciles_only_new_startup) ... ok
test_real_cut_after_consumption_reconciles_only_new_startup (test_mo2_preparation_recovery.PreparationRecoveryAdversarialTests.test_real_cut_after_consumption_reconciles_only_new_startup) ... ok
test_real_cut_before_attempt_publication_reconciles_only_new_startup (test_mo2_preparation_recovery.PreparationRecoveryAdversarialTests.test_real_cut_before_attempt_publication_reconciles_only_new_startup) ... ok
test_same_byte_publication_collision_cannot_be_adopted (test_mo2_preparation_recovery.PreparationRecoveryAdversarialTests.test_same_byte_publication_collision_cannot_be_adopted) ... ok
test_source_binding_failure_precedes_consumption_without_fresh_effects (test_mo2_preparation_recovery.PreparationRecoveryAdversarialTests.test_source_binding_failure_precedes_consumption_without_fresh_effects) ... ok
test_started_scenario_child_is_not_empty_direct_scaffolding (test_mo2_preparation_recovery.PreparationRecoveryAdversarialTests.test_started_scenario_child_is_not_empty_direct_scaffolding) ... ok
test_startup_abandonment_refuses_real_live_reserved_controller (test_mo2_preparation_recovery.PreparationRecoveryAdversarialTests.test_startup_abandonment_refuses_real_live_reserved_controller) ... ok
test_startup_abandonment_refuses_substituted_attempt_and_keeps_its_bytes (test_mo2_preparation_recovery.PreparationRecoveryAdversarialTests.test_startup_abandonment_refuses_substituted_attempt_and_keeps_its_bytes) ... ok
test_startup_abandonment_refuses_uncertain_controller_and_rechecks_state_after_proof (test_mo2_preparation_recovery.PreparationRecoveryAdversarialTests.test_startup_abandonment_refuses_uncertain_controller_and_rechecks_state_after_proof) ... ok
test_startup_abandonment_refuses_unknown_child_and_uncertain_barrier (test_mo2_preparation_recovery.PreparationRecoveryAdversarialTests.test_startup_abandonment_refuses_unknown_child_and_uncertain_barrier) ... ok
test_startup_dual_publication_ownership_retains_both_real_native_handles (test_mo2_preparation_recovery.PreparationRecoveryAdversarialTests.test_startup_dual_publication_ownership_retains_both_real_native_handles) ... ok
test_substituted_cleanup_link_is_left_untouched_and_cannot_grant_replacement (test_mo2_preparation_recovery.PreparationRecoveryAdversarialTests.test_substituted_cleanup_link_is_left_untouched_and_cannot_grant_replacement) ... ok
test_substituted_quarantined_link_cannot_consume_cached_recovery (test_mo2_preparation_recovery.PreparationRecoveryAdversarialTests.test_substituted_quarantined_link_cannot_consume_cached_recovery) ... ok
test_substituted_startup_intent_is_preserved_without_abandonment (test_mo2_preparation_recovery.PreparationRecoveryAdversarialTests.test_substituted_startup_intent_is_preserved_without_abandonment) ... ok
test_unknown_legacy_shape_and_prepared_run_refuse_without_disposition (test_mo2_preparation_recovery.PreparationRecoveryAdversarialTests.test_unknown_legacy_shape_and_prepared_run_refuse_without_disposition) ... ok
test_unknown_link_blocks_cleanup_before_any_owned_link_moves (test_mo2_preparation_recovery.PreparationRecoveryAdversarialTests.test_unknown_link_blocks_cleanup_before_any_owned_link_moves) ... ok
test_unsupported_future_preparation_preserves_all_failed_attempt_bytes (test_mo2_preparation_recovery.PreparationRecoveryAdversarialTests.test_unsupported_future_preparation_preserves_all_failed_attempt_bytes) ... ok
test_v2_reservation_is_strict_and_cannot_replay_as_v1_or_other_intent (test_mo2_preparation_recovery.PreparationRecoveryAdversarialTests.test_v2_reservation_is_strict_and_cannot_replay_as_v1_or_other_intent) ... ok
test_native_inventory_rejects_a_real_live_python_child (test_mo2_preparation_recovery.PreparationRecoveryContractTests.test_native_inventory_rejects_a_real_live_python_child) ... ok
test_native_inventory_rejects_incomplete_enumeration_and_close_uncertainty (test_mo2_preparation_recovery.PreparationRecoveryContractTests.test_native_inventory_rejects_incomplete_enumeration_and_close_uncertainty) ... ok
test_native_inventory_retains_both_process_and_snapshot_close_owners (test_mo2_preparation_recovery.PreparationRecoveryContractTests.test_native_inventory_retains_both_process_and_snapshot_close_owners) ... ok
test_native_process_absence_rejects_live_reused_and_access_denied_pid (test_mo2_preparation_recovery.PreparationRecoveryContractTests.test_native_process_absence_rejects_live_reused_and_access_denied_pid) ... ok
test_preparation_records_reject_noncanonical_and_cross_run_replay (test_mo2_preparation_recovery.PreparationRecoveryContractTests.test_preparation_records_reject_noncanonical_and_cross_run_replay) ... ok
test_recovery_cannot_grant_retry_without_exact_process_and_failure_binding (test_mo2_preparation_recovery.PreparationRecoveryContractTests.test_recovery_cannot_grant_retry_without_exact_process_and_failure_binding) ... ok
test_restart_preparation_is_an_explicit_operation (test_mo2_preparation_recovery.PreparationRecoveryContractTests.test_restart_preparation_is_an_explicit_operation) ... ok
test_foreground_failed_attempt_recovers_once_into_completely_fresh_real_preparation (test_mo2_preparation_recovery.RealPreparationRestartTests.test_foreground_failed_attempt_recovers_once_into_completely_fresh_real_preparation) ... ok
test_documents_root_uses_known_folder_result_and_requires_directory (test_mo2_processes.Mo2ProcessTests.test_documents_root_uses_known_folder_result_and_requires_directory) ... ok
test_nonabsolute_candidate_path_is_unknown (test_mo2_processes.Mo2ProcessTests.test_nonabsolute_candidate_path_is_unknown) ... ok
test_only_exact_target_executables_are_relevant (test_mo2_processes.Mo2ProcessTests.test_only_exact_target_executables_are_relevant) ... ok
test_real_documents_known_folder_is_absolute_and_existing (test_mo2_processes.Mo2ProcessTests.test_real_documents_known_folder_is_absolute_and_existing) ... ok
test_target_matching_is_case_insensitive_but_not_name_only (test_mo2_processes.Mo2ProcessTests.test_target_matching_is_case_insensitive_but_not_name_only) ... ok
test_unreadable_candidate_process_is_unknown (test_mo2_processes.Mo2ProcessTests.test_unreadable_candidate_process_is_unknown) ... ok
test_inspects_only_known_state_files_without_reading_saves (test_mo2_profile.Mo2ProfileTests.test_inspects_only_known_state_files_without_reading_saves) ... ok
test_missing_required_modlist_and_escaped_profile_are_rejected (test_mo2_profile.Mo2ProfileTests.test_missing_required_modlist_and_escaped_profile_are_rejected) ... ok
test_parses_both_profile_isolation_settings (test_mo2_profile.Mo2ProfileTests.test_parses_both_profile_isolation_settings) ... ok
test_parses_generated_mod_plugin_and_load_order_files (test_mo2_profile.Mo2ProfileTests.test_parses_generated_mod_plugin_and_load_order_files) ... ok
test_plugins_use_explicit_windows_system_encoding (test_mo2_profile.Mo2ProfileTests.test_plugins_use_explicit_windows_system_encoding) ... ok
test_rejects_malformed_markers_duplicates_and_save_names (test_mo2_profile.Mo2ProfileTests.test_rejects_malformed_markers_duplicates_and_save_names) ... ok
test_absent_metadata_is_valid_but_failed_metadata_observation_blocks (test_mo2_projection.Mo2ProjectionTests.test_absent_metadata_is_valid_but_failed_metadata_observation_blocks) ... ok
test_context_changes_do_not_change_adapter_state_hash (test_mo2_projection.Mo2ProjectionTests.test_context_changes_do_not_change_adapter_state_hash) ... ok
test_incomplete_overwrite_scanner_block_side_effects_and_missing_evidence_block (test_mo2_projection.Mo2ProjectionTests.test_incomplete_overwrite_scanner_block_side_effects_and_missing_evidence_block) ... ok
test_missing_required_file_or_conflicting_primary_identity_blocks (test_mo2_projection.Mo2ProjectionTests.test_missing_required_file_or_conflicting_primary_identity_blocks) ... ok
test_nonprimary_membership_or_order_mismatch_blocks_without_state (test_mo2_projection.Mo2ProjectionTests.test_nonprimary_membership_or_order_mismatch_blocks_without_state) ... ok
test_projects_reverse_modlist_priority_and_reconciles_primary_plugins (test_mo2_projection.Mo2ProjectionTests.test_projects_reverse_modlist_priority_and_reconciles_primary_plugins) ... ok
test_skyrim_ccc_installed_subset_must_retain_policy_order (test_mo2_projection.Mo2ProjectionTests.test_skyrim_ccc_installed_subset_must_retain_policy_order) ... ok
test_skyrim_ccc_policy_allows_an_ordered_installed_subset (test_mo2_projection.Mo2ProjectionTests.test_skyrim_ccc_policy_allows_an_ordered_installed_subset) ... ok
test_unknown_version_is_contextual_but_unstable_state_blocks (test_mo2_projection.Mo2ProjectionTests.test_unknown_version_is_contextual_but_unstable_state_blocks) ... ok
test_valid_primary_only_profiles_are_ready (test_mo2_projection.Mo2ProjectionTests.test_valid_primary_only_profiles_are_ready) ... ok
test_detects_file_change_optional_creation_and_directory_change (test_mo2_readset.Mo2ReadSetTests.test_detects_file_change_optional_creation_and_directory_change) ... ok
test_regular_file_metadata_observation_tracks_presence_without_payload_read (test_mo2_readset.Mo2ReadSetTests.test_regular_file_metadata_observation_tracks_presence_without_payload_read) ... ok
test_regular_file_metadata_verification_detects_change_and_creation (test_mo2_readset.Mo2ReadSetTests.test_regular_file_metadata_verification_detects_change_and_creation) ... ok
test_stable_file_optional_file_and_directory_are_verified (test_mo2_readset.Mo2ReadSetTests.test_stable_file_optional_file_and_directory_are_verified) ... ok
test_bundled_descriptor_has_observed_exact_identities (test_mo2_release.Mo2ReleaseTests.test_bundled_descriptor_has_observed_exact_identities) ... ok
test_duplicate_extra_unsorted_and_unsafe_fields_are_rejected (test_mo2_release.Mo2ReleaseTests.test_duplicate_extra_unsorted_and_unsafe_fields_are_rejected) ... ok
test_source_change_during_load_is_rejected (test_mo2_release.Mo2ReleaseTests.test_source_change_during_load_is_rejected) ... ok
test_attaches_stable_internal_comparison_evidence_without_changing_json (test_mo2_scanner.Mo2ScannerTests.test_attaches_stable_internal_comparison_evidence_without_changing_json) ... ok
test_blocks_if_authoritative_state_changes_during_inspection (test_mo2_scanner.Mo2ScannerTests.test_blocks_if_authoritative_state_changes_during_inspection) ... ok
test_derives_standard_paths_when_only_base_directory_is_configured (test_mo2_scanner.Mo2ScannerTests.test_derives_standard_paths_when_only_base_directory_is_configured) ... ok
test_escaped_writable_path_is_blocked_and_never_followed (test_mo2_scanner.Mo2ScannerTests.test_escaped_writable_path_is_blocked_and_never_followed) ... ok
test_game_mismatch_missing_play_and_nonempty_overwrite_are_reported (test_mo2_scanner.Mo2ScannerTests.test_game_mismatch_missing_play_and_nonempty_overwrite_are_reported) ... ok
test_inspects_contained_lab_and_play_profiles_without_writes (test_mo2_scanner.Mo2ScannerTests.test_inspects_contained_lab_and_play_profiles_without_writes) ... ok
test_malformed_qsettings_path_is_blocked_instead_of_crashing (test_mo2_scanner.Mo2ScannerTests.test_malformed_qsettings_path_is_blocked_instead_of_crashing) ... ok
test_missing_game_root_is_blocked_even_when_ini_text_matches (test_mo2_scanner.Mo2ScannerTests.test_missing_game_root_is_blocked_even_when_ini_text_matches) ... ok
test_nonstandard_app_folder_inside_workspace_is_blocked (test_mo2_scanner.Mo2ScannerTests.test_nonstandard_app_folder_inside_workspace_is_blocked) ... ok
test_save_like_overwrite_entry_is_not_claimed_as_empty (test_mo2_scanner.Mo2ScannerTests.test_save_like_overwrite_entry_is_not_claimed_as_empty) ... ok
test_unconfigured_root_remains_unknown_and_is_not_created (test_mo2_scanner.Mo2ScannerTests.test_unconfigured_root_remains_unknown_and_is_not_created) ... ok
test_rejects_duplicate_json_keys_before_mapping_conversion (test_mo2_serialization.Mo2SerializationTests.test_rejects_duplicate_json_keys_before_mapping_conversion) ... ok
test_rejects_unknown_schema_status_duplicate_paths_and_nonempty_actions (test_mo2_serialization.Mo2SerializationTests.test_rejects_unknown_schema_status_duplicate_paths_and_nonempty_actions) ... ok
test_round_trip_is_canonical_and_keeps_actions_explicitly_empty (test_mo2_serialization.Mo2SerializationTests.test_round_trip_is_canonical_and_keeps_actions_explicitly_empty) ... ok
test_to_dict_rejects_unvalidated_action_data (test_mo2_serialization.Mo2SerializationTests.test_to_dict_rejects_unvalidated_action_data) ... ok
test_environment_source_is_strict_and_byte_identified (test_recipe_sources.RecipeSourceTests.test_environment_source_is_strict_and_byte_identified) ... ok
test_loads_exact_bytes_and_sha256 (test_recipe_sources.RecipeSourceTests.test_loads_exact_bytes_and_sha256) ... ok
test_optional_component_identity_fields_remain_optional (test_recipe_sources.RecipeSourceTests.test_optional_component_identity_fields_remain_optional) ... ok
test_rejects_duplicate_and_unknown_recipe_fields (test_recipe_sources.RecipeSourceTests.test_rejects_duplicate_and_unknown_recipe_fields) ... ok
test_rejects_non_regular_sources (test_recipe_sources.RecipeSourceTests.test_rejects_non_regular_sources) ... ok
test_rejects_redirected_sources (test_recipe_sources.RecipeSourceTests.test_rejects_redirected_sources) ... skipped "symbolic links unavailable: [WinError 1314] A required privilege is not held by the client: 'C:\\\\Users\\\\red\\\\Desktop\\\\Modlab\\\\.worktrees\\\\mo2-guard-bridge-handshake\\\\nt\\\\tmp8vtzasp9\\\\target.json' -> 'C:\\\\Users\\\\red\\\\Desktop\\\\Modlab\\\\.worktrees\\\\mo2-guard-bridge-handshake\\\\nt\\\\tmp8vtzasp9\\\\link.json'"
test_rejects_unknown_nested_recipe_fields (test_recipe_sources.RecipeSourceTests.test_rejects_unknown_nested_recipe_fields) ... ok
test_blocked_compatibility_prevents_approval (test_reviewing.RecipeReviewTests.test_blocked_compatibility_prevents_approval) ... ok
test_defaults_preserve_original_recipe_identity (test_reviewing.RecipeReviewTests.test_defaults_preserve_original_recipe_identity) ... ok
test_explicit_omission_wins_when_same_component_is_selected (test_reviewing.RecipeReviewTests.test_explicit_omission_wins_when_same_component_is_selected) ... ok
test_missing_evidence_remains_unknown (test_reviewing.RecipeReviewTests.test_missing_evidence_remains_unknown) ... ok
test_non_required_deviation_is_custom (test_reviewing.RecipeReviewTests.test_non_required_deviation_is_custom) ... ok
test_omitting_required_component_is_incomplete (test_reviewing.RecipeReviewTests.test_omitting_required_component_is_incomplete) ... ok
test_optional_selection_proposes_dependency_without_silently_approving_it (test_reviewing.RecipeReviewTests.test_optional_selection_proposes_dependency_without_silently_approving_it) ... ok
test_selected_incompatible_pair_is_incomplete (test_reviewing.RecipeReviewTests.test_selected_incompatible_pair_is_incomplete) ... ok
test_unknown_component_selection_is_rejected (test_reviewing.RecipeReviewTests.test_unknown_component_selection_is_rejected) ... ok
test_capture_creates_observed_checkpoint_and_selects_it (test_skyrim_baseline_capture.SkyrimBaselineCaptureTests.test_capture_creates_observed_checkpoint_and_selects_it) ... ok
test_changed_retained_source_blocks_before_checkpoint_write (test_skyrim_baseline_capture.SkyrimBaselineCaptureTests.test_changed_retained_source_blocks_before_checkpoint_write) ... ok
test_modified_selected_parent_blocks_next_capture (test_skyrim_baseline_capture.SkyrimBaselineCaptureTests.test_modified_selected_parent_blocks_next_capture) ... ok
test_non_ready_recipe_review_blocks_before_checkpoint_write (test_skyrim_baseline_capture.SkyrimBaselineCaptureTests.test_non_ready_recipe_review_blocks_before_checkpoint_write) ... ok
test_pointer_failure_leaves_checkpoint_available_but_unselected (test_skyrim_baseline_capture.SkyrimBaselineCaptureTests.test_pointer_failure_leaves_checkpoint_available_but_unselected) ... ok
test_same_second_capture_reuses_checkpoint_without_false_actions (test_skyrim_baseline_capture.SkyrimBaselineCaptureTests.test_same_second_capture_reuses_checkpoint_without_false_actions) ... ok
test_second_capture_uses_selected_valid_baseline_as_parent (test_skyrim_baseline_capture.SkyrimBaselineCaptureTests.test_second_capture_uses_selected_valid_baseline_as_parent) ... ok
test_selection_rejects_cross_game_and_modified_checkpoint (test_skyrim_baseline_capture.SkyrimBaselineCaptureTests.test_selection_rejects_cross_game_and_modified_checkpoint) ... ok
test_selection_rejects_cross_linked_evidence_and_stronger_claim (test_skyrim_baseline_capture.SkyrimBaselineCaptureTests.test_selection_rejects_cross_linked_evidence_and_stronger_claim) ... ok
test_selection_rejects_every_checkpoint_cross_link (test_skyrim_baseline_capture.SkyrimBaselineCaptureTests.test_selection_rejects_every_checkpoint_cross_link) ... ok
test_unready_or_incoherent_inputs_block_before_checkpoint_write (test_skyrim_baseline_capture.SkyrimBaselineCaptureTests.test_unready_or_incoherent_inputs_block_before_checkpoint_write) ... ok
test_valid_orphan_can_be_selected_later (test_skyrim_baseline_capture.SkyrimBaselineCaptureTests.test_valid_orphan_can_be_selected_later) ... ok
test_observed_evidence_round_trip_has_fixed_non_claims (test_skyrim_baseline_evidence.SkyrimBaselineEvidenceTests.test_observed_evidence_round_trip_has_fixed_non_claims) ... ok
test_rejects_adapter_state_hash_inconsistency (test_skyrim_baseline_evidence.SkyrimBaselineEvidenceTests.test_rejects_adapter_state_hash_inconsistency) ... ok
test_rejects_any_stronger_claim_or_side_effect (test_skyrim_baseline_evidence.SkyrimBaselineEvidenceTests.test_rejects_any_stronger_claim_or_side_effect) ... ok
test_rejects_invalid_live_dimension_relationships (test_skyrim_baseline_evidence.SkyrimBaselineEvidenceTests.test_rejects_invalid_live_dimension_relationships) ... ok
test_rejects_noncanonical_selection_dimensions_and_overlap (test_skyrim_baseline_evidence.SkyrimBaselineEvidenceTests.test_rejects_noncanonical_selection_dimensions_and_overlap) ... ok
test_rejects_save_like_strings_in_path_bearing_evidence (test_skyrim_baseline_evidence.SkyrimBaselineEvidenceTests.test_rejects_save_like_strings_in_path_bearing_evidence) ... ok
test_rejects_unknown_or_missing_fields_at_every_evidence_layer (test_skyrim_baseline_evidence.SkyrimBaselineEvidenceTests.test_rejects_unknown_or_missing_fields_at_every_evidence_layer) ... ok
test_json_discovery_is_read_only_and_machine_readable (test_skyrim_discovery_cli.SkyrimDiscoveryCliTests.test_json_discovery_is_read_only_and_machine_readable) ... ok
test_missing_root_returns_three_without_creating_it (test_skyrim_discovery_cli.SkyrimDiscoveryCliTests.test_missing_root_returns_three_without_creating_it) ... ok
test_text_output_keeps_runtime_ae_and_mo2_as_separate_facts (test_skyrim_discovery_cli.SkyrimDiscoveryCliTests.test_text_output_keeps_runtime_ae_and_mo2_as_separate_facts) ... ok
test_rejects_executable_outside_the_fixed_relative_location (test_skyrim_discovery_serialization.SkyrimDiscoverySerializationTests.test_rejects_executable_outside_the_fixed_relative_location) ... ok
test_rejects_extra_fields_unsafe_paths_and_bad_counts (test_skyrim_discovery_serialization.SkyrimDiscoverySerializationTests.test_rejects_extra_fields_unsafe_paths_and_bad_counts) ... ok
test_round_trip_preserves_observations_without_inventing_ae_or_mo2 (test_skyrim_discovery_serialization.SkyrimDiscoverySerializationTests.test_round_trip_preserves_observations_without_inventing_ae_or_mo2) ... ok
test_drift_values_retain_checkpoint_and_current_identity (test_skyrim_drift.SkyrimDriftTests.test_drift_values_retain_checkpoint_and_current_identity) ... ok
test_each_identity_domain_reports_drift (test_skyrim_drift.SkyrimDriftTests.test_each_identity_domain_reports_drift) ... ok
test_identical_complete_observation_matches (test_skyrim_drift.SkyrimDriftTests.test_identical_complete_observation_matches) ... ok
test_installed_meta_ini_change_is_shared_state_drift (test_skyrim_drift.SkyrimDriftTests.test_installed_meta_ini_change_is_shared_state_drift) ... ok
test_large_sequence_output_is_bounded_to_seven_entry_window (test_skyrim_drift.SkyrimDriftTests.test_large_sequence_output_is_bounded_to_seven_entry_window) ... ok
test_manager_containment_and_state_file_changes_are_explained (test_skyrim_drift.SkyrimDriftTests.test_manager_containment_and_state_file_changes_are_explained) ... ok
test_no_baseline_and_invalid_or_incomplete_inputs_have_precedence (test_skyrim_drift.SkyrimDriftTests.test_no_baseline_and_invalid_or_incomplete_inputs_have_precedence) ... ok
test_plugin_enablement_and_order_have_distinct_explanations (test_skyrim_drift.SkyrimDriftTests.test_plugin_enablement_and_order_have_distinct_explanations) ... ok
test_baseline_id_is_null_or_exact_checkpoint_identity (test_skyrim_environment_configuration.SkyrimEnvironmentConfigurationTests.test_baseline_id_is_null_or_exact_checkpoint_identity) ... ok
test_configuration_changes_bound_large_collections (test_skyrim_environment_configuration.SkyrimEnvironmentConfigurationTests.test_configuration_changes_bound_large_collections) ... ok
test_configuration_changes_names_every_changed_logical_field (test_skyrim_environment_configuration.SkyrimEnvironmentConfigurationTests.test_configuration_changes_names_every_changed_logical_field) ... ok
test_configuration_round_trip_is_canonical (test_skyrim_environment_configuration.SkyrimEnvironmentConfigurationTests.test_configuration_round_trip_is_canonical) ... ok
test_rejects_duplicate_json_keys (test_skyrim_environment_configuration.SkyrimEnvironmentConfigurationTests.test_rejects_duplicate_json_keys) ... ok
test_rejects_malformed_hashes_unsafe_ids_and_incomplete_recipe (test_skyrim_environment_configuration.SkyrimEnvironmentConfigurationTests.test_rejects_malformed_hashes_unsafe_ids_and_incomplete_recipe) ... ok
test_rejects_model_with_inconsistent_target_environment_id (test_skyrim_environment_configuration.SkyrimEnvironmentConfigurationTests.test_rejects_model_with_inconsistent_target_environment_id) ... ok
test_rejects_source_path_identity_mismatch (test_skyrim_environment_configuration.SkyrimEnvironmentConfigurationTests.test_rejects_source_path_identity_mismatch) ... ok
test_rejects_unknown_fields_unsafe_relative_paths_and_save_paths (test_skyrim_environment_configuration.SkyrimEnvironmentConfigurationTests.test_rejects_unknown_fields_unsafe_relative_paths_and_save_paths) ... ok
test_rejects_unsorted_duplicate_or_overlapping_collections (test_skyrim_environment_configuration.SkyrimEnvironmentConfigurationTests.test_rejects_unsorted_duplicate_or_overlapping_collections) ... ok
test_rejects_wrong_fixed_values_and_nested_fields (test_skyrim_environment_configuration.SkyrimEnvironmentConfigurationTests.test_rejects_wrong_fixed_values_and_nested_fields) ... ok
test_atomic_write_uses_workspace_jobs_and_cleans_failed_staging (test_skyrim_environment_store.SkyrimEnvironmentStoreTests.test_atomic_write_uses_workspace_jobs_and_cleans_failed_staging) ... ok
test_compare_and_swap_refuses_intervening_change (test_skyrim_environment_store.SkyrimEnvironmentStoreTests.test_compare_and_swap_refuses_intervening_change) ... ok
test_compare_and_swap_selects_from_exact_unchanged_bytes (test_skyrim_environment_store.SkyrimEnvironmentStoreTests.test_compare_and_swap_selects_from_exact_unchanged_bytes) ... ok
test_identical_configuration_is_idempotent_but_change_requires_replace (test_skyrim_environment_store.SkyrimEnvironmentStoreTests.test_identical_configuration_is_idempotent_but_change_requires_replace) ... ok
test_invalid_existing_configuration_is_never_overwritten (test_skyrim_environment_store.SkyrimEnvironmentStoreTests.test_invalid_existing_configuration_is_never_overwritten) ... ok
test_load_reports_not_configured_without_creating_workspace (test_skyrim_environment_store.SkyrimEnvironmentStoreTests.test_load_reports_not_configured_without_creating_workspace) ... ok
test_mismatched_content_at_source_target_blocks_retention (test_skyrim_environment_store.SkyrimEnvironmentStoreTests.test_mismatched_content_at_source_target_blocks_retention) ... ok
test_post_write_re_read_is_strict (test_skyrim_environment_store.SkyrimEnvironmentStoreTests.test_post_write_re_read_is_strict) ... ok
test_rejects_non_regular_source_and_target_files (test_skyrim_environment_store.SkyrimEnvironmentStoreTests.test_rejects_non_regular_source_and_target_files) ... ok
test_rejects_redirected_source_paths (test_skyrim_environment_store.SkyrimEnvironmentStoreTests.test_rejects_redirected_source_paths) ... skipped "symbolic links unavailable: [WinError 1314] A required privilege is not held by the client: 'C:\\\\Users\\\\red\\\\Desktop\\\\Modlab\\\\.worktrees\\\\mo2-guard-bridge-handshake\\\\nt\\\\tmpvy9vtzba\\\\source-recipe.json' -> 'C:\\\\Users\\\\red\\\\Desktop\\\\Modlab\\\\.worktrees\\\\mo2-guard-bridge-handshake\\\\nt\\\\tmpvy9vtzba\\\\source-link.json'"
test_rejects_redirected_target_paths (test_skyrim_environment_store.SkyrimEnvironmentStoreTests.test_rejects_redirected_target_paths) ... skipped "symbolic links unavailable: [WinError 1314] A required privilege is not held by the client: 'C:\\\\Users\\\\red\\\\Desktop\\\\Modlab\\\\.worktrees\\\\mo2-guard-bridge-handshake\\\\nt\\\\tmpye570iad\\\\redirect-target' -> 'C:\\\\Users\\\\red\\\\Desktop\\\\Modlab\\\\.worktrees\\\\mo2-guard-bridge-handshake\\\\nt\\\\tmpye570iad\\\\workspace\\\\games\\\\skyrim-se-ae\\\\recipes\\\\63921b08c8ed21537bd43258d0ddcc4590b9f29a8ce06165ba7c7904f20ff6e1'"
test_retains_exact_recipe_bytes_content_addressed (test_skyrim_environment_store.SkyrimEnvironmentStoreTests.test_retains_exact_recipe_bytes_content_addressed) ... ok
test_retains_target_environment_under_its_own_content_address (test_skyrim_environment_store.SkyrimEnvironmentStoreTests.test_retains_target_environment_under_its_own_content_address) ... ok
test_ambiguous_mo2_version_prevents_ready_observation (test_skyrim_observation.SkyrimObservationTests.test_ambiguous_mo2_version_prevents_ready_observation) ... ok
test_blocked_projection_capability_prevents_ready (test_skyrim_observation.SkyrimObservationTests.test_blocked_projection_capability_prevents_ready) ... ok
test_blocked_skyrim_discovery_returns_no_manager_projection (test_skyrim_observation.SkyrimObservationTests.test_blocked_skyrim_discovery_returns_no_manager_projection) ... ok
test_missing_skyrim_or_mo2_executable_identity_blocks_ready (test_skyrim_observation.SkyrimObservationTests.test_missing_skyrim_or_mo2_executable_identity_blocks_ready) ... ok
test_mo2_game_root_mismatch_prevents_ready (test_skyrim_observation.SkyrimObservationTests.test_mo2_game_root_mismatch_prevents_ready) ... ok
test_normalizes_only_unambiguous_mo2_versions (test_skyrim_observation.SkyrimObservationTests.test_normalizes_only_unambiguous_mo2_versions) ... ok
test_observed_target_mismatch_blocks (test_skyrim_observation.SkyrimObservationTests.test_observed_target_mismatch_blocks) ... ok
test_observes_ready_game_manager_and_only_real_live_dimensions (test_skyrim_observation.SkyrimObservationTests.test_observes_ready_game_manager_and_only_real_live_dimensions) ... ok
test_three_component_mo2_version_is_retained_as_live (test_skyrim_observation.SkyrimObservationTests.test_three_component_mo2_version_is_retained_as_live) ... ok
test_absent_ccc_is_an_explicit_core_only_policy (test_skyrim_primary_plugins.SkyrimPrimaryPluginTests.test_absent_ccc_is_an_explicit_core_only_policy) ... ok
test_missing_ccc_entries_are_omitted_in_exact_catalogue_order (test_skyrim_primary_plugins.SkyrimPrimaryPluginTests.test_missing_ccc_entries_are_omitted_in_exact_catalogue_order) ... ok
test_primary_observation_never_reads_data_plugin_payload_bytes (test_skyrim_primary_plugins.SkyrimPrimaryPluginTests.test_primary_observation_never_reads_data_plugin_payload_bytes) ... ok
test_primary_policy_blocks_missing_core_duplicate_and_nonregular_ccc_file (test_skyrim_primary_plugins.SkyrimPrimaryPluginTests.test_primary_policy_blocks_missing_core_duplicate_and_nonregular_ccc_file) ... ok
test_primary_policy_is_core_then_exact_ccc_order (test_skyrim_primary_plugins.SkyrimPrimaryPluginTests.test_primary_policy_is_core_then_exact_ccc_order) ... ok
test_unsafe_windows_catalogue_names_block_even_when_absent (test_skyrim_primary_plugins.SkyrimPrimaryPluginTests.test_unsafe_windows_catalogue_names_block_even_when_absent) ... ok
test_discovers_exact_runtime_and_top_level_data_without_writes (test_skyrim_scanner.SkyrimSteamScannerTests.test_discovers_exact_runtime_and_top_level_data_without_writes) ... ok
test_missing_steam_root_remains_absent_and_returns_blocked_evidence (test_skyrim_scanner.SkyrimSteamScannerTests.test_missing_steam_root_remains_absent_and_returns_blocked_evidence) ... ok
test_unreadable_executable_returns_blocked_evidence_without_writes (test_skyrim_scanner.SkyrimSteamScannerTests.test_unreadable_executable_returns_blocked_evidence_without_writes) ... ok
test_valid_manifest_with_missing_game_root_returns_blocked_evidence (test_skyrim_scanner.SkyrimSteamScannerTests.test_valid_manifest_with_missing_game_root_returns_blocked_evidence) ... ok
test_version_read_failure_remains_unknown_but_keeps_file_identity (test_skyrim_scanner.SkyrimSteamScannerTests.test_version_read_failure_remains_unknown_but_keeps_file_identity) ... ok
test_wrong_app_id_and_unsafe_install_directory_are_never_followed (test_skyrim_scanner.SkyrimSteamScannerTests.test_wrong_app_id_and_unsafe_install_directory_are_never_followed) ... ok
test_blocked_observation_does_not_create_absent_workspace (test_skyrim_service.SkyrimServiceTests.test_blocked_observation_does_not_create_absent_workspace) ... ok
test_changed_configuration_requires_replace_and_lists_exact_fields (test_skyrim_service.SkyrimServiceTests.test_changed_configuration_requires_replace_and_lists_exact_fields) ... ok
test_changed_recipe_clears_old_baseline_but_identical_intent_preserves_it (test_skyrim_service.SkyrimServiceTests.test_changed_recipe_clears_old_baseline_but_identical_intent_preserves_it) ... ok
test_configure_retains_sources_and_writes_one_valid_registration (test_skyrim_service.SkyrimServiceTests.test_configure_retains_sources_and_writes_one_valid_registration) ... ok
test_full_service_flow_configures_captures_and_matches (test_skyrim_service.SkyrimServiceTests.test_full_service_flow_configures_captures_and_matches) ... ok
test_identical_configuration_is_idempotent (test_skyrim_service.SkyrimServiceTests.test_identical_configuration_is_idempotent) ... ok
test_incomplete_review_and_target_mismatch_write_nothing (test_skyrim_service.SkyrimServiceTests.test_incomplete_review_and_target_mismatch_write_nothing) ... ok
test_selected_and_omitted_intent_pass_through_review (test_skyrim_service.SkyrimServiceTests.test_selected_and_omitted_intent_pass_through_review) ... ok
test_source_mutation_between_load_and_retention_is_blocked (test_skyrim_service.SkyrimServiceTests.test_source_mutation_between_load_and_retention_is_blocked) ... ok
test_status_blocks_for_changed_source_missing_checkpoint_or_current_identity (test_skyrim_service.SkyrimServiceTests.test_status_blocks_for_changed_source_missing_checkpoint_or_current_identity) ... ok
test_status_is_filesystem_read_only (test_skyrim_service.SkyrimServiceTests.test_status_is_filesystem_read_only) ... ok
test_status_without_baseline_and_with_profile_drift (test_skyrim_service.SkyrimServiceTests.test_status_without_baseline_and_with_profile_drift) ... ok
test_valid_orphan_can_be_used_through_service (test_skyrim_service.SkyrimServiceTests.test_valid_orphan_can_be_used_through_service) ... ok
test_configuration_conflict_lists_changes_then_replace_succeeds (test_skyrim_workflow_cli.SkyrimWorkflowCliTests.test_configuration_conflict_lists_changes_then_replace_succeeds) ... ok
test_configure_failure_matrix_is_named_and_side_effect_free (test_skyrim_workflow_cli.SkyrimWorkflowCliTests.test_configure_failure_matrix_is_named_and_side_effect_free) ... ok
test_expected_refusal_is_one_line_and_unexpected_error_is_visible (test_skyrim_workflow_cli.SkyrimWorkflowCliTests.test_expected_refusal_is_one_line_and_unexpected_error_is_visible) ... ok
test_full_cli_flow_requires_paths_once_then_matches (test_skyrim_workflow_cli.SkyrimWorkflowCliTests.test_full_cli_flow_requires_paths_once_then_matches) ... ok
test_json_contract_and_status_exit_codes (test_skyrim_workflow_cli.SkyrimWorkflowCliTests.test_json_contract_and_status_exit_codes) ... ok
test_modified_checkpoint_blocks_use_and_status_without_writes (test_skyrim_workflow_cli.SkyrimWorkflowCliTests.test_modified_checkpoint_blocks_use_and_status_without_writes) ... ok
test_mutated_retained_source_blocks_capture_and_status_without_writes (test_skyrim_workflow_cli.SkyrimWorkflowCliTests.test_mutated_retained_source_blocks_capture_and_status_without_writes) ... ok
test_pointer_failure_returns_three_and_baseline_use_recovers_orphan (test_skyrim_workflow_cli.SkyrimWorkflowCliTests.test_pointer_failure_returns_three_and_baseline_use_recovers_orphan) ... ok
test_redirected_configuration_blocks_every_operation_without_writes (test_skyrim_workflow_cli.SkyrimWorkflowCliTests.test_redirected_configuration_blocks_every_operation_without_writes) ... ok
test_repeated_selection_arguments_reach_recipe_review (test_skyrim_workflow_cli.SkyrimWorkflowCliTests.test_repeated_selection_arguments_reach_recipe_review) ... ok
test_status_is_read_only_for_matched_and_drifted_state (test_skyrim_workflow_cli.SkyrimWorkflowCliTests.test_status_is_read_only_for_matched_and_drifted_state) ... ok
test_unstable_read_set_blocks_capture_and_status_without_writes (test_skyrim_workflow_cli.SkyrimWorkflowCliTests.test_unstable_read_set_blocks_capture_and_status_without_writes) ... ok
test_capture_and_use_results_make_fixed_nonclaims_and_writes_explicit (test_skyrim_workflow_serialization.SkyrimWorkflowSerializationTests.test_capture_and_use_results_make_fixed_nonclaims_and_writes_explicit) ... ok
test_configure_json_and_text_report_verified_and_unverified_scope (test_skyrim_workflow_serialization.SkyrimWorkflowSerializationTests.test_configure_json_and_text_report_verified_and_unverified_scope) ... ok
test_no_baseline_and_blocked_have_strict_nullable_pointer_contract (test_skyrim_workflow_serialization.SkyrimWorkflowSerializationTests.test_no_baseline_and_blocked_have_strict_nullable_pointer_contract) ... ok
test_status_json_and_text_bound_metadata_plus_seven_entry_windows (test_skyrim_workflow_serialization.SkyrimWorkflowSerializationTests.test_status_json_and_text_bound_metadata_plus_seven_entry_windows) ... ok
test_strict_result_fields_duplicate_domains_and_action_containment (test_skyrim_workflow_serialization.SkyrimWorkflowSerializationTests.test_strict_result_fields_duplicate_domains_and_action_containment) ... ok
test_parses_nested_app_manifest_without_losing_case (test_steam_manifest.SteamManifestParserTests.test_parses_nested_app_manifest_without_losing_case) ... ok
test_rejects_duplicate_keys_and_malformed_structure (test_steam_manifest.SteamManifestParserTests.test_rejects_duplicate_keys_and_malformed_structure) ... ok
test_supports_quoted_escapes (test_steam_manifest.SteamManifestParserTests.test_supports_quoted_escapes) ... ok
test_list_empty_store_is_read_only_and_machine_readable (test_transaction_cli.TransactionCliTests.test_list_empty_store_is_read_only_and_machine_readable) ... ok
test_malformed_or_unknown_show_returns_transaction_error (test_transaction_cli.TransactionCliTests.test_malformed_or_unknown_show_returns_transaction_error) ... ok
test_show_returns_exact_journal_without_changing_play (test_transaction_cli.TransactionCliTests.test_show_returns_exact_journal_without_changing_play) ... ok
test_verify_reports_available_modified_and_missing_without_repair (test_transaction_cli.TransactionCliTests.test_verify_reports_available_modified_and_missing_without_repair) ... ok
test_verify_reports_malformed_journal_as_modified_without_repair (test_transaction_cli.TransactionCliTests.test_verify_reports_malformed_journal_as_modified_without_repair) ... ok
test_apply_then_commit_changes_only_allowlisted_files (test_transaction_manager.TransactionApplyAndRecoveryTests.test_apply_then_commit_changes_only_allowlisted_files) ... ok
test_caught_mid_apply_failure_restores_every_prior_state (test_transaction_manager.TransactionApplyAndRecoveryTests.test_caught_mid_apply_failure_restores_every_prior_state) ... ok
test_commit_refuses_modified_applied_state (test_transaction_manager.TransactionApplyAndRecoveryTests.test_commit_refuses_modified_applied_state) ... ok
test_desired_snapshot_drift_blocks_apply_before_any_mutation (test_transaction_manager.TransactionApplyAndRecoveryTests.test_desired_snapshot_drift_blocks_apply_before_any_mutation) ... ok
test_missing_prior_snapshot_requires_recovery_without_more_play_writes (test_transaction_manager.TransactionApplyAndRecoveryTests.test_missing_prior_snapshot_requires_recovery_without_more_play_writes) ... ok
test_process_interruption_is_recovered_by_a_new_manager_instance (test_transaction_manager.TransactionApplyAndRecoveryTests.test_process_interruption_is_recovered_by_a_new_manager_instance) ... ok
test_recovering_applied_transaction_restores_deleted_and_absent_targets (test_transaction_manager.TransactionApplyAndRecoveryTests.test_recovering_applied_transaction_restores_deleted_and_absent_targets) ... ok
test_redirected_play_root_blocks_apply_before_any_mutation (test_transaction_manager.TransactionApplyAndRecoveryTests.test_redirected_play_root_blocks_apply_before_any_mutation) ... ok
test_redirected_target_parent_blocks_apply_before_any_mutation (test_transaction_manager.TransactionApplyAndRecoveryTests.test_redirected_target_parent_blocks_apply_before_any_mutation) ... ok
test_target_drift_blocks_apply_before_any_mutation (test_transaction_manager.TransactionApplyAndRecoveryTests.test_target_drift_blocks_apply_before_any_mutation) ... ok
test_existing_transaction_id_is_never_overwritten (test_transaction_manager.TransactionPreparationTests.test_existing_transaction_id_is_never_overwritten) ... ok
test_invalid_or_missing_desired_inputs_create_no_transaction (test_transaction_manager.TransactionPreparationTests.test_invalid_or_missing_desired_inputs_create_no_transaction) ... ok
test_preflight_reports_drift_without_mutating_journal_or_target (test_transaction_manager.TransactionPreparationTests.test_preflight_reports_drift_without_mutating_journal_or_target) ... ok
test_prepare_snapshots_both_states_without_changing_play_or_saves (test_transaction_manager.TransactionPreparationTests.test_prepare_snapshots_both_states_without_changing_play_or_saves) ... ok
test_snapshot_failure_removes_only_its_new_transaction_directory (test_transaction_manager.TransactionPreparationTests.test_snapshot_failure_removes_only_its_new_transaction_directory) ... ok
test_transaction_directory_symlink_is_rejected_before_journal_access (test_transaction_manager.TransactionPreparationTests.test_transaction_directory_symlink_is_rejected_before_journal_access) ... ok
test_verify_reports_redirected_snapshot_storage_as_modified (test_transaction_manager.TransactionPreparationTests.test_verify_reports_redirected_snapshot_storage_as_modified) ... ok
test_immutable_plan_tampering_is_rejected (test_transaction_serialization.TransactionSerializationTests.test_immutable_plan_tampering_is_rejected) ... ok
test_rejects_impossible_snapshot_and_operation_combinations (test_transaction_serialization.TransactionSerializationTests.test_rejects_impossible_snapshot_and_operation_combinations) ... ok
test_rejects_invalid_roots_identity_and_state (test_transaction_serialization.TransactionSerializationTests.test_rejects_invalid_roots_identity_and_state) ... ok
test_rejects_save_and_cosave_targets (test_transaction_serialization.TransactionSerializationTests.test_rejects_save_and_cosave_targets) ... ok
test_rejects_traversal_absolute_backslash_and_duplicate_paths (test_transaction_serialization.TransactionSerializationTests.test_rejects_traversal_absolute_backslash_and_duplicate_paths) ... ok
test_round_trip_preserves_allowlisted_file_states (test_transaction_serialization.TransactionSerializationTests.test_round_trip_preserves_allowlisted_file_states) ... ok
test_all_containment_immutable_publishers_use_the_shared_primitive (test_windows_exact_fs.WindowsExactFsTests.test_all_containment_immutable_publishers_use_the_shared_primitive) ... ok
test_case_insensitive_destination_collision_is_never_replaced (test_windows_exact_fs.WindowsExactFsTests.test_case_insensitive_destination_collision_is_never_replaced) ... ok
test_close_failure_keeps_explicit_handle_ownership (test_windows_exact_fs.WindowsExactFsTests.test_close_failure_keeps_explicit_handle_ownership) ... ok
test_create_pinned_new_retains_the_candidate_without_reopening_its_path (test_windows_exact_fs.WindowsExactFsTests.test_create_pinned_new_retains_the_candidate_without_reopening_its_path) ... ok
test_create_validation_close_failure_retains_candidate_across_retries (test_windows_exact_fs.WindowsExactFsTests.test_create_validation_close_failure_retains_candidate_across_retries) ... ok
test_cross_volume_and_destination_parent_identity_mismatch_refuse_before_rename (test_windows_exact_fs.WindowsExactFsTests.test_cross_volume_and_destination_parent_identity_mismatch_refuse_before_rename) ... ok
test_failed_post_publish_cleanup_returns_the_live_retained_candidate (test_windows_exact_fs.WindowsExactFsTests.test_failed_post_publish_cleanup_returns_the_live_retained_candidate) ... ok
test_file_and_directory_moves_preserve_the_pinned_identity (test_windows_exact_fs.WindowsExactFsTests.test_file_and_directory_moves_preserve_the_pinned_identity) ... ok
test_identity_lookup_close_failure_retains_verification_handle_across_retries (test_windows_exact_fs.WindowsExactFsTests.test_identity_lookup_close_failure_retains_verification_handle_across_retries) ... ok
test_ownership_resolver_preserves_explicit_roles_across_retries (test_windows_exact_fs.WindowsExactFsTests.test_ownership_resolver_preserves_explicit_roles_across_retries) ... ok
test_ownership_union_preserves_same_role_owners_through_partial_retries (test_windows_exact_fs.WindowsExactFsTests.test_ownership_union_preserves_same_role_owners_through_partial_retries) ... ok
test_pin_validation_close_failure_retains_close_only_acquisition_across_retries (test_windows_exact_fs.WindowsExactFsTests.test_pin_validation_close_failure_retains_close_only_acquisition_across_retries) ... ok
test_post_move_identity_mismatch_is_explicit (test_windows_exact_fs.WindowsExactFsTests.test_post_move_identity_mismatch_is_explicit) ... ok
test_post_rename_validator_failure_deletes_the_moved_exact_candidate (test_windows_exact_fs.WindowsExactFsTests.test_post_rename_validator_failure_deletes_the_moved_exact_candidate) ... ok
test_publish_unions_candidate_parent_and_verification_ownership (test_windows_exact_fs.WindowsExactFsTests.test_publish_unions_candidate_parent_and_verification_ownership) ... ok
test_repeated_retry_deletes_only_exact_moved_candidate_and_closes_all_roles (test_windows_exact_fs.WindowsExactFsTests.test_repeated_retry_deletes_only_exact_moved_candidate_and_closes_all_roles) ... ok
test_rooted_directory_creation_blocks_substitution_during_validation (test_windows_exact_fs.WindowsExactFsTests.test_rooted_directory_creation_blocks_substitution_during_validation) ... ok
test_rooted_directory_creation_cleanup_failure_returns_exact_owner (test_windows_exact_fs.WindowsExactFsTests.test_rooted_directory_creation_cleanup_failure_returns_exact_owner) ... ok
test_rooted_directory_creation_invalid_handle_matrix_is_explicit (test_windows_exact_fs.WindowsExactFsTests.test_rooted_directory_creation_invalid_handle_matrix_is_explicit) ... ok
test_rooted_directory_creation_owns_failure_status_handle_as_verification (test_windows_exact_fs.WindowsExactFsTests.test_rooted_directory_creation_owns_failure_status_handle_as_verification) ... ok
test_rooted_directory_creation_preserves_interrupt_after_exact_cleanup (test_windows_exact_fs.WindowsExactFsTests.test_rooted_directory_creation_preserves_interrupt_after_exact_cleanup) ... ok
test_rooted_directory_creation_refuses_collision_without_mutation (test_windows_exact_fs.WindowsExactFsTests.test_rooted_directory_creation_refuses_collision_without_mutation) ... ok
test_rooted_directory_creation_rejects_foreign_volume_child_identity (test_windows_exact_fs.WindowsExactFsTests.test_rooted_directory_creation_rejects_foreign_volume_child_identity) ... ok
test_rooted_directory_creation_requires_native_created_disposition (test_windows_exact_fs.WindowsExactFsTests.test_rooted_directory_creation_requires_native_created_disposition) ... ok
test_rooted_directory_creation_returns_the_exact_unreplaceable_child (test_windows_exact_fs.WindowsExactFsTests.test_rooted_directory_creation_returns_the_exact_unreplaceable_child) ... ok
test_rooted_directory_creation_status_handle_matrix_is_verification_only (test_windows_exact_fs.WindowsExactFsTests.test_rooted_directory_creation_status_handle_matrix_is_verification_only) ... ok
test_rooted_directory_creation_success_without_handle_is_typed_created_evidence (test_windows_exact_fs.WindowsExactFsTests.test_rooted_directory_creation_success_without_handle_is_typed_created_evidence) ... ok
test_rooted_directory_creation_validates_parent_path_and_direct_child (test_windows_exact_fs.WindowsExactFsTests.test_rooted_directory_creation_validates_parent_path_and_direct_child) ... ok
test_rooted_directory_native_interrupt_closes_before_preserving_interrupt (test_windows_exact_fs.WindowsExactFsTests.test_rooted_directory_native_interrupt_closes_before_preserving_interrupt) ... ok
test_rooted_directory_native_interrupt_retains_typed_verification_on_close_failure (test_windows_exact_fs.WindowsExactFsTests.test_rooted_directory_native_interrupt_retains_typed_verification_on_close_failure) ... ok
test_rooted_rename_uses_retained_parent_handle_and_direct_child_name (test_windows_exact_fs.WindowsExactFsTests.test_rooted_rename_uses_retained_parent_handle_and_direct_child_name) ... ok
test_shared_rename_implementation_has_no_pathname_fallback (test_windows_exact_fs.WindowsExactFsTests.test_shared_rename_implementation_has_no_pathname_fallback) ... ok
test_stable_snapshot_pin_denies_write_and_rename_until_close (test_windows_exact_fs.WindowsExactFsTests.test_stable_snapshot_pin_denies_write_and_rename_until_close) ... ok
test_temporary_name_failure_does_not_leave_parent_ownership (test_windows_exact_fs.WindowsExactFsTests.test_temporary_name_failure_does_not_leave_parent_ownership) ... ok
test_validated_candidate_handle_publishes_original_after_old_path_is_replaced (test_windows_exact_fs.WindowsExactFsTests.test_validated_candidate_handle_publishes_original_after_old_path_is_replaced) ... ok
test_watcher_new_write_normalizes_an_exact_object_failure (test_windows_exact_fs.WindowsExactFsTests.test_watcher_new_write_normalizes_an_exact_object_failure) ... ok
test_wrong_source_kind_is_rejected (test_windows_exact_fs.WindowsExactFsTests.test_wrong_source_kind_is_rejected) ... ok
test_bootstrap_paths_are_organized_under_workspace (test_workspace.WorkspaceTests.test_bootstrap_paths_are_organized_under_workspace) ... ok
test_cli_initializes_an_explicit_root_and_reports_key_locations (test_workspace.WorkspaceTests.test_cli_initializes_an_explicit_root_and_reports_key_locations) ... ok
test_cli_reports_redirected_workspace_without_traceback (test_workspace.WorkspaceTests.test_cli_reports_redirected_workspace_without_traceback) ... ok
test_containment_validation_root_is_direct_and_preserves_unknown_content (test_workspace.WorkspaceTests.test_containment_validation_root_is_direct_and_preserves_unknown_content) ... ok
test_default_workspace_is_inside_the_modlab_application_root (test_workspace.WorkspaceTests.test_default_workspace_is_inside_the_modlab_application_root) ... ok
test_initialize_creates_the_documented_tree (test_workspace.WorkspaceTests.test_initialize_creates_the_documented_tree) ... ok
test_initialize_rejects_non_directory_ancestor (test_workspace.WorkspaceTests.test_initialize_rejects_non_directory_ancestor) ... ok
test_initialize_rejects_redirected_ancestor_before_creating_children (test_workspace.WorkspaceTests.test_initialize_rejects_redirected_ancestor_before_creating_children) ... ok
test_layout_keeps_recovery_state_separate_from_mod_archives (test_workspace.WorkspaceTests.test_layout_keeps_recovery_state_separate_from_mod_archives) ... ok
test_pure_workspace_layout_creates_nothing (test_workspace.WorkspaceTests.test_pure_workspace_layout_creates_nothing) ... ok
test_reinitializing_never_removes_an_unknown_user_file (test_workspace.WorkspaceTests.test_reinitializing_never_removes_an_unknown_user_file) ... ok

----------------------------------------------------------------------
Ran 1119 tests in 987.514s

OK (skipped=10)
Exit: 0
