=== TASK7B TIMING-NEUTRAL DIAGNOSTIC ===
2026-09-04T16:52:52.4943936+10:00
f57aff1be3f843fabd03a73a05a9c3d0cab24085
 M modlab/workflows/skyrim/mo2_bootstrap.py
 M modlab/workflows/skyrim/mo2_bootstrap_store.py
 M tests/test_mo2_bootstrap_create.py
 M tests/test_mo2_bootstrap_recovery.py
 M tests/test_mo2_bootstrap_store.py
TEMP=C:\Users\red\Desktop\Modlab\.worktrees\mo2-guard-bridge-handshake\nt
=== EXACT ORIGINAL 75-TEST ORDER ===
TRACE TEST_START modules=('tests.test_mo2_bootstrap_planning', 'tests.test_mo2_bootstrap_inventory', 'tests.test_mo2_bootstrap_serialization', 'tests.test_mo2_bootstrap_cli') cwd='C:\\Users\\red\\Desktop\\Modlab\\.worktrees\\mo2-guard-bridge-handshake' temp='C:\\Users\\red\\Desktop\\Modlab\\.worktrees\\mo2-guard-bridge-handshake\\nt' tmp='C:\\Users\\red\\Desktop\\Modlab\\.worktrees\\mo2-guard-bridge-handshake\\nt'
test_active_job_stage_collision_requires_recovery (tests.test_mo2_bootstrap_planning.Mo2BootstrapPlanningTests.test_active_job_stage_collision_requires_recovery) ... ok
test_archive_listing_drift_refuses_without_plan (tests.test_mo2_bootstrap_planning.Mo2BootstrapPlanningTests.test_archive_listing_drift_refuses_without_plan) ... ok
test_blocked_selected_baseline_retains_blocked_plan (tests.test_mo2_bootstrap_planning.Mo2BootstrapPlanningTests.test_blocked_selected_baseline_retains_blocked_plan) ... ok
test_conflicting_configured_steam_root_refuses_without_plan (tests.test_mo2_bootstrap_planning.Mo2BootstrapPlanningTests.test_conflicting_configured_steam_root_refuses_without_plan) ... ok
test_drifted_selected_baseline_retains_blocked_plan (tests.test_mo2_bootstrap_planning.Mo2BootstrapPlanningTests.test_drifted_selected_baseline_retains_blocked_plan) ... ok
test_empty_target_plans_create_and_writes_only_plan (tests.test_mo2_bootstrap_planning.Mo2BootstrapPlanningTests.test_empty_target_plans_create_and_writes_only_plan) ... ok
test_existing_projection_and_wrong_executable_each_block (tests.test_mo2_bootstrap_planning.Mo2BootstrapPlanningTests.test_existing_projection_and_wrong_executable_each_block) ... ok
test_extractor_change_during_stability_reread_refuses_without_plan (tests.test_mo2_bootstrap_planning.Mo2BootstrapPlanningTests.test_extractor_change_during_stability_reread_refuses_without_plan) ... ok
test_extractor_launch_oserror_is_a_stable_refusal (tests.test_mo2_bootstrap_planning.Mo2BootstrapPlanningTests.test_extractor_launch_oserror_is_a_stable_refusal) ... ok
test_failed_extractor_identity_refuses_without_plan (tests.test_mo2_bootstrap_planning.Mo2BootstrapPlanningTests.test_failed_extractor_identity_refuses_without_plan) ... ok
test_generated_nxmhandler_settings_are_a_known_adoption_extra (tests.test_mo2_bootstrap_planning.Mo2BootstrapPlanningTests.test_generated_nxmhandler_settings_are_a_known_adoption_extra) ... ok
test_immutable_package_drift_prevents_already_managed (tests.test_mo2_bootstrap_planning.Mo2BootstrapPlanningTests.test_immutable_package_drift_prevents_already_managed) ... ok
test_invalid_journal_and_orphan_stage_each_retain_blocked_plan (tests.test_mo2_bootstrap_planning.Mo2BootstrapPlanningTests.test_invalid_journal_and_orphan_stage_each_retain_blocked_plan) ... ok
test_invalid_skyrim_ccc_refuses_without_plan (tests.test_mo2_bootstrap_planning.Mo2BootstrapPlanningTests.test_invalid_skyrim_ccc_refuses_without_plan) ... ok
test_low_disk_space_retains_a_coherent_blocked_plan (tests.test_mo2_bootstrap_planning.Mo2BootstrapPlanningTests.test_low_disk_space_retains_a_coherent_blocked_plan) ... ok
test_malformed_receipt_retains_blocked_plan (tests.test_mo2_bootstrap_planning.Mo2BootstrapPlanningTests.test_malformed_receipt_retains_blocked_plan) ... ok
test_manager_change_during_stability_reread_refuses_without_plan (tests.test_mo2_bootstrap_planning.Mo2BootstrapPlanningTests.test_manager_change_during_stability_reread_refuses_without_plan) ... ok
test_missing_archive_payload_refuses_without_plan (tests.test_mo2_bootstrap_planning.Mo2BootstrapPlanningTests.test_missing_archive_payload_refuses_without_plan) ... ok
test_missing_explicit_steam_root_refuses_without_plan (tests.test_mo2_bootstrap_planning.Mo2BootstrapPlanningTests.test_missing_explicit_steam_root_refuses_without_plan) ... ok
test_missing_extractor_refuses_without_plan (tests.test_mo2_bootstrap_planning.Mo2BootstrapPlanningTests.test_missing_extractor_refuses_without_plan) ... ok
test_missing_primary_master_refuses_without_plan (tests.test_mo2_bootstrap_planning.Mo2BootstrapPlanningTests.test_missing_primary_master_refuses_without_plan) ... ok
test_modified_archive_refuses_without_plan (tests.test_mo2_bootstrap_planning.Mo2BootstrapPlanningTests.test_modified_archive_refuses_without_plan) ... ok
test_nested_archive_redirect_is_refused_before_reading_payload (tests.test_mo2_bootstrap_planning.Mo2BootstrapPlanningTests.test_nested_archive_redirect_is_refused_before_reading_payload) ... ok
test_new_malformed_receipt_on_stability_reread_refuses_without_plan (tests.test_mo2_bootstrap_planning.Mo2BootstrapPlanningTests.test_new_malformed_receipt_on_stability_reread_refuses_without_plan) ... ok
test_new_unknown_manager_extra_blocks_before_apply (tests.test_mo2_bootstrap_planning.Mo2BootstrapPlanningTests.test_new_unknown_manager_extra_blocks_before_apply) ... ok
test_ready_existing_target_plans_adopt_even_when_process_close_is_required (tests.test_mo2_bootstrap_planning.Mo2BootstrapPlanningTests.test_ready_existing_target_plans_adopt_even_when_process_close_is_required) ... ok
test_receipt_change_during_stability_reread_refuses_without_plan (tests.test_mo2_bootstrap_planning.Mo2BootstrapPlanningTests.test_receipt_change_during_stability_reread_refuses_without_plan) ... ok
test_redirected_ini_refuses_without_plan (tests.test_mo2_bootstrap_planning.Mo2BootstrapPlanningTests.test_redirected_ini_refuses_without_plan) ... skipped "symbolic links unavailable: [WinError 1314] A required privilege is not held by the client: 'C:\\\\Users\\\\red\\\\Desktop\\\\Modlab\\\\.worktrees\\\\mo2-guard-bridge-handshake\\\\nt\\\\tmp9qk4px6g\\\\outside.ini' -> 'C:\\\\Users\\\\red\\\\Desktop\\\\Modlab\\\\.worktrees\\\\mo2-guard-bridge-handshake\\\\nt\\\\tmp9qk4px6g\\\\Documents\\\\My Games\\\\Skyrim Special Edition\\\\SkyrimCustom.ini'"
test_redirected_workspace_refuses_without_plan (tests.test_mo2_bootstrap_planning.Mo2BootstrapPlanningTests.test_redirected_workspace_refuses_without_plan) ... skipped "symbolic links unavailable: [WinError 1314] A required privilege is not held by the client: 'C:\\\\Users\\\\red\\\\Desktop\\\\Modlab\\\\.worktrees\\\\mo2-guard-bridge-handshake\\\\nt\\\\tmpfdhjkuk5\\\\ModLab\\\\workspace' -> 'C:\\\\Users\\\\red\\\\Desktop\\\\Modlab\\\\.worktrees\\\\mo2-guard-bridge-handshake\\\\nt\\\\tmpfdhjkuk5\\\\workspace-link'"
test_release_and_artifact_descriptor_mismatch_refuses_without_plan (tests.test_mo2_bootstrap_planning.Mo2BootstrapPlanningTests.test_release_and_artifact_descriptor_mismatch_refuses_without_plan) ... ok
test_same_inputs_return_same_plan_id_and_bytes (tests.test_mo2_bootstrap_planning.Mo2BootstrapPlanningTests.test_same_inputs_return_same_plan_id_and_bytes) ... ok
test_seed_change_during_stability_reread_refuses_without_plan (tests.test_mo2_bootstrap_planning.Mo2BootstrapPlanningTests.test_seed_change_during_stability_reread_refuses_without_plan) ... ok
test_target_change_during_stability_reread_refuses_without_plan (tests.test_mo2_bootstrap_planning.Mo2BootstrapPlanningTests.test_target_change_during_stability_reread_refuses_without_plan) ... ok
test_unknown_nonempty_target_retains_blocked_plan (tests.test_mo2_bootstrap_planning.Mo2BootstrapPlanningTests.test_unknown_nonempty_target_retains_blocked_plan) ... ok
test_unknown_process_observation_retains_blocked_plan (tests.test_mo2_bootstrap_planning.Mo2BootstrapPlanningTests.test_unknown_process_observation_retains_blocked_plan) ... ok
test_unknown_skyrim_runtime_refuses_without_plan (tests.test_mo2_bootstrap_planning.Mo2BootstrapPlanningTests.test_unknown_skyrim_runtime_refuses_without_plan) ... ok
test_unsafe_archive_listing_refuses_without_plan (tests.test_mo2_bootstrap_planning.Mo2BootstrapPlanningTests.test_unsafe_archive_listing_refuses_without_plan) ... ok
test_unsafe_existing_package_path_blocks_instead_of_downgrading_to_adopt (tests.test_mo2_bootstrap_planning.Mo2BootstrapPlanningTests.test_unsafe_existing_package_path_blocks_instead_of_downgrading_to_adopt) ... ok
test_unsupported_release_refuses_without_plan (tests.test_mo2_bootstrap_planning.Mo2BootstrapPlanningTests.test_unsupported_release_refuses_without_plan) ... ok
test_verified_matching_receipt_is_already_managed_but_profile_drift_is_adopt (tests.test_mo2_bootstrap_planning.Mo2BootstrapPlanningTests.test_verified_matching_receipt_is_already_managed_but_profile_drift_is_adopt) ... ok
test_verified_receipt_with_low_space_remains_already_managed (tests.test_mo2_bootstrap_planning.Mo2BootstrapPlanningTests.test_verified_receipt_with_low_space_remains_already_managed) ... ok
test_bootstrap_inventory_accepts_only_the_exact_receipted_overlay (tests.test_mo2_bootstrap_inventory.Mo2BootstrapInventoryTests.test_bootstrap_inventory_accepts_only_the_exact_receipted_overlay) ... ok
test_bridge_receipt_must_bind_an_explicit_bootstrap_receipt (tests.test_mo2_bootstrap_inventory.Mo2BootstrapInventoryTests.test_bridge_receipt_must_bind_an_explicit_bootstrap_receipt) ... ok
test_overlay_presence_and_package_identity_fail_closed (tests.test_mo2_bootstrap_inventory.Mo2BootstrapInventoryTests.test_overlay_presence_and_package_identity_fail_closed) ... ok
test_canonical_documents_are_sorted_utf8_with_one_trailing_newline (tests.test_mo2_bootstrap_serialization.BootstrapSerializationTests.test_canonical_documents_are_sorted_utf8_with_one_trailing_newline) ... ok
test_every_document_rejects_duplicates_saves_and_extra_fields (tests.test_mo2_bootstrap_serialization.BootstrapSerializationTests.test_every_document_rejects_duplicates_saves_and_extra_fields) ... ok
test_job_identity_and_state_transition_fields_round_trip (tests.test_mo2_bootstrap_serialization.BootstrapSerializationTests.test_job_identity_and_state_transition_fields_round_trip) ... ok
test_journal_prior_kind_matches_create_or_adopt_disposition (tests.test_mo2_bootstrap_serialization.BootstrapSerializationTests.test_journal_prior_kind_matches_create_or_adopt_disposition) ... ok
test_plan_identity_excludes_no_fields_except_its_derived_id (tests.test_mo2_bootstrap_serialization.BootstrapSerializationTests.test_plan_identity_excludes_no_fields_except_its_derived_id) ... ok
test_plan_rejects_unsafe_plugin_name_and_nonsemantic_ini_order (tests.test_mo2_bootstrap_serialization.BootstrapSerializationTests.test_plan_rejects_unsafe_plugin_name_and_nonsemantic_ini_order) ... ok
test_receipt_identity_covers_package_extras_and_profiles (tests.test_mo2_bootstrap_serialization.BootstrapSerializationTests.test_receipt_identity_covers_package_extras_and_profiles) ... ok
test_apply_and_recover_dispatch_render_service_results (tests.test_mo2_bootstrap_cli.Mo2BootstrapCliTests.test_apply_and_recover_dispatch_render_service_results) ... ok
test_apply_rejects_steam_root_without_calling_service (tests.test_mo2_bootstrap_cli.Mo2BootstrapCliTests.test_apply_rejects_steam_root_without_calling_service) ... ok
usage: modlab skyrim mo2 setup [-h] (--artifact ARTIFACT | --apply PLAN_ID)
                               [--steam-root STEAM_ROOT]
                               [--workspace WORKSPACE] [--format {text,json}]
modlab skyrim mo2 setup: error: argument --apply: not allowed with argument --artifact
test_artifact_and_apply_are_mutually_exclusive (tests.test_mo2_bootstrap_cli.Mo2BootstrapCliTests.test_artifact_and_apply_are_mutually_exclusive) ... ok
test_blocked_preview_and_safe_refusals_use_exit_three (tests.test_mo2_bootstrap_cli.Mo2BootstrapCliTests.test_blocked_preview_and_safe_refusals_use_exit_three) ... ok
test_create_and_adopt_report_a_journal_promoted_before_reload_failure (tests.test_mo2_bootstrap_cli.Mo2BootstrapCliTests.test_create_and_adopt_report_a_journal_promoted_before_reload_failure) ... ok
test_create_and_adopt_report_a_receipt_promoted_before_reload_failure (tests.test_mo2_bootstrap_cli.Mo2BootstrapCliTests.test_create_and_adopt_report_a_receipt_promoted_before_reload_failure) ... TRACE BUFFER_DUMP reason="first subtest failure/error: tests.test_mo2_bootstrap_cli.Mo2BootstrapCliTests.test_create_and_adopt_report_a_receipt_promoted_before_reload_failure (disposition='Create')" count=236
TRACE METADATA_RETURN (1, 'tests.test_mo2_bootstrap_cli.Mo2BootstrapCliTests.test_create_and_adopt_report_a_receipt_promoted_before_reload_failure', 'C:\\Users\\red\\Desktop\\Modlab\\.worktrees\\mo2-guard-bridge-handshake\\nt\\tmpnetpco3e\\ModLab\\workspace\\tools\\mo2', 'staging ancestor', 646928465317719174, 8162774324789676, 16895, 16384, 16, 0, 1788504784885645100, 1788504784884645600)
TRACE METADATA_RETURN (2, 'tests.test_mo2_bootstrap_cli.Mo2BootstrapCliTests.test_create_and_adopt_report_a_receipt_promoted_before_reload_failure', 'C:\\Users\\red\\Desktop\\Modlab\\.worktrees\\mo2-guard-bridge-handshake\\nt\\tmpnetpco3e\\ModLab\\workspace\\tools', 'staging ancestor', 646928465317719174, 8162774324789675, 16895, 16384, 16, 0, 1788504784884645600, 1788504784884645600)
TRACE METADATA_RETURN (3, 'tests.test_mo2_bootstrap_cli.Mo2BootstrapCliTests.test_create_and_adopt_report_a_receipt_promoted_before_reload_failure', 'C:\\Users\\red\\Desktop\\Modlab\\.worktrees\\mo2-guard-bridge-handshake\\nt\\tmpnetpco3e\\ModLab\\workspace', 'staging ancestor', 646928465317719174, 8162774324789657, 16895, 16384, 16, 4096, 1788504784893009200, 1788504784862387200)
TRACE METADATA_RETURN (4, 'tests.test_mo2_bootstrap_cli.Mo2BootstrapCliTests.test_create_and_adopt_report_a_receipt_promoted_before_reload_failure', 'C:\\Users\\red\\Desktop\\Modlab\\.worktrees\\mo2-guard-bridge-handshake\\nt\\tmpnetpco3e\\ModLab', 'staging ancestor', 646928465317719174, 8444249301500312, 16895, 16384, 16, 0, 1788504784862903100, 1788504784862387200)
TRACE METADATA_RETURN (5, 'tests.test_mo2_bootstrap_cli.Mo2BootstrapCliTests.test_create_and_adopt_report_a_receipt_promoted_before_reload_failure', 'C:\\Users\\red\\Desktop\\Modlab\\.worktrees\\mo2-guard-bridge-handshake\\nt\\tmpnetpco3e', 'staging ancestor', 646928465317719174, 17169973579530644, 16895, 16384, 16, 0, 1788504784900575000, 1788504784861882200)
TRACE METADATA_RETURN (6, 'tests.test_mo2_bootstrap_cli.Mo2BootstrapCliTests.test_create_and_adopt_report_a_receipt_promoted_before_reload_failure', 'C:\\Users\\red\\Desktop\\Modlab\\.worktrees\\mo2-guard-bridge-handshake\\nt', 'staging ancestor', 646928465317719174, 46443371157297496, 16895, 16384, 16, 4096, 1788504784861882200, 1788423055466056200)
TRACE METADATA_RETURN (7, 'tests.test_mo2_bootstrap_cli.Mo2BootstrapCliTests.test_create_and_adopt_report_a_receipt_promoted_before_reload_failure', 'C:\\Users\\red\\Desktop\\Modlab\\.worktrees\\mo2-guard-bridge-handshake', 'staging ancestor', 646928465317719174, 7036874418101634, 16895, 16384, 16, 4096, 1788501364773118600, 1788328357323002400)
TRACE METADATA_RETURN (8, 'tests.test_mo2_bootstrap_cli.Mo2BootstrapCliTests.test_create_and_adopt_report_a_receipt_promoted_before_reload_failure', 'C:\\Users\\red\\Desktop\\Modlab\\.worktrees', 'staging ancestor', 646928465317719174, 19984723346604671, 16895, 16384, 16, 0, 1788328357323002400, 1788130403225499000)
TRACE METADATA_RETURN (9, 'tests.test_mo2_bootstrap_cli.Mo2BootstrapCliTests.test_create_and_adopt_report_a_receipt_promoted_before_reload_failure', 'C:\\Users\\red\\Desktop\\Modlab', 'staging ancestor', 646928465317719174, 1125899907162052, 16895, 16384, 16, 4096, 1788326616564067100, 1788075911141757200)
TRACE METADATA_RETURN (10, 'tests.test_mo2_bootstrap_cli.Mo2BootstrapCliTests.test_create_and_adopt_report_a_receipt_promoted_before_reload_failure', 'C:\\Users\\red\\Desktop', 'staging ancestor', 646928465317719174, 562949953421844, 16749, 16384, 17, 8192, 1788503997123847000, 1788053565644439300)
TRACE METADATA_RETURN (11, 'tests.test_mo2_bootstrap_cli.Mo2BootstrapCliTests.test_create_and_adopt_report_a_receipt_promoted_before_reload_failure', 'C:\\Users\\red', 'staging ancestor', 646928465317719174, 844424930132489, 16895, 16384, 16, 8192, 1788075882856608700, 1788053565642646400)
TRACE METADATA_RETURN (12, 'tests.test_mo2_bootstrap_cli.Mo2BootstrapCliTests.test_create_and_adopt_report_a_receipt_promoted_before_reload_failure', 'C:\\Users', 'staging ancestor', 646928465317719174, 281474976714401, 16749, 16384, 17, 4096, 1788054538033586400, 1711956076184434800)
TRACE METADATA_RETURN (13, 'tests.test_mo2_bootstrap_cli.Mo2BootstrapCliTests.test_create_and_adopt_report_a_receipt_promoted_before_reload_failure', 'C:\\', 'staging ancestor', 646928465317719174, 1407374883553285, 16895, 16384, 22, 8192, 1788382507878463000, 1788125245406314100)
TRACE METADATA_RETURN (14, 'tests.test_mo2_bootstrap_cli.Mo2BootstrapCliTests.test_create_and_adopt_report_a_receipt_promoted_before_reload_failure', 'C:\\Users\\red\\Desktop\\Modlab\\.worktrees\\mo2-guard-bridge-handshake\\nt\\tmpnetpco3e\\ModLab\\workspace\\runtime\\jobs\\mo2-bootstrap\\0123456789abcdef0123456789abcdef', 'staging ancestor', 646928465317719174, 4222124650840535, 16895, 16384, 16, 0, 1788504785175417200, 1788504785170115300)
TRACE METADATA_RETURN (15, 'tests.test_mo2_bootstrap_cli.Mo2BootstrapCliTests.test_create_and_adopt_report_a_receipt_promoted_before_reload_failure', 'C:\\Users\\red\\Desktop\\Modlab\\.worktrees\\mo2-guard-bridge-handshake\\nt\\tmpnetpco3e\\ModLab\\workspace\\runtime\\jobs\\mo2-bootstrap', 'staging ancestor', 646928465317719174, 4785074604261816, 16895, 16384, 16, 0, 1788504785171623100, 1788504784895013400)
TRACE METADATA_RETURN (16, 'tests.test_mo2_bootstrap_cli.Mo2BootstrapCliTests.test_create_and_adopt_report_a_receipt_promoted_before_reload_failure', 'C:\\Users\\red\\Desktop\\Modlab\\.worktrees\\mo2-guard-bridge-handshake\\nt\\tmpnetpco3e\\ModLab\\workspace\\runtime\\jobs', 'staging ancestor', 646928465317719174, 6192449487815095, 16895, 16384, 16, 0, 1788504784895013400, 1788504784894013400)
TRACE METADATA_RETURN (17, 'tests.test_mo2_bootstrap_cli.Mo2BootstrapCliTests.test_create_and_adopt_report_a_receipt_promoted_before_reload_failure', 'C:\\Users\\red\\Desktop\\Modlab\\.worktrees\\mo2-guard-bridge-handshake\\nt\\tmpnetpco3e\\ModLab\\workspace\\runtime', 'staging ancestor', 646928465317719174, 8725724278210996, 16895, 16384, 16, 0, 1788504784897527500, 1788504784893009200)
TRACE METADATA_RETURN (18, 'tests.test_mo2_bootstrap_cli.Mo2BootstrapCliTests.test_create_and_adopt_report_a_receipt_promoted_before_reload_failure', 'C:\\Users\\red\\Desktop\\Modlab\\.worktrees\\mo2-guard-bridge-handshake\\nt\\tmpnetpco3e\\ModLab\\workspace', 'staging ancestor', 646928465317719174, 8162774324789657, 16895, 16384, 16, 4096, 1788504784893009200, 1788504784862387200)
TRACE METADATA_RETURN (19, 'tests.test_mo2_bootstrap_cli.Mo2BootstrapCliTests.test_create_and_adopt_report_a_receipt_promoted_before_reload_failure', 'C:\\Users\\red\\Desktop\\Modlab\\.worktrees\\mo2-guard-bridge-handshake\\nt\\tmpnetpco3e\\ModLab', 'staging ancestor', 646928465317719174, 8444249301500312, 16895, 16384, 16, 0, 1788504784862903100, 1788504784862387200)
TRACE METADATA_RETURN (20, 'tests.test_mo2_bootstrap_cli.Mo2BootstrapCliTests.test_create_and_adopt_report_a_receipt_promoted_before_reload_failure', 'C:\\Users\\red\\Desktop\\Modlab\\.worktrees\\mo2-guard-bridge-handshake\\nt\\tmpnetpco3e', 'staging ancestor', 646928465317719174, 17169973579530644, 16895, 16384, 16, 0, 1788504784900575000, 1788504784861882200)
TRACE METADATA_RETURN (21, 'tests.test_mo2_bootstrap_cli.Mo2BootstrapCliTests.test_create_and_adopt_report_a_receipt_promoted_before_reload_failure', 'C:\\Users\\red\\Desktop\\Modlab\\.worktrees\\mo2-guard-bridge-handshake\\nt', 'staging ancestor', 646928465317719174, 46443371157297496, 16895, 16384, 16, 4096, 1788504784861882200, 1788423055466056200)
TRACE METADATA_RETURN (22, 'tests.test_mo2_bootstrap_cli.Mo2BootstrapCliTests.test_create_and_adopt_report_a_receipt_promoted_before_reload_failure', 'C:\\Users\\red\\Desktop\\Modlab\\.worktrees\\mo2-guard-bridge-handshake', 'staging ancestor', 646928465317719174, 7036874418101634, 16895, 16384, 16, 4096, 1788501364773118600, 1788328357323002400)
TRACE METADATA_RETURN (23, 'tests.test_mo2_bootstrap_cli.Mo2BootstrapCliTests.test_create_and_adopt_report_a_receipt_promoted_before_reload_failure', 'C:\\Users\\red\\Desktop\\Modlab\\.worktrees', 'staging ancestor', 646928465317719174, 19984723346604671, 16895, 16384, 16, 0, 1788328357323002400, 1788130403225499000)
TRACE METADATA_RETURN (24, 'tests.test_mo2_bootstrap_cli.Mo2BootstrapCliTests.test_create_and_adopt_report_a_receipt_promoted_before_reload_failure', 'C:\\Users\\red\\Desktop\\Modlab', 'staging ancestor', 646928465317719174, 1125899907162052, 16895, 16384, 16, 4096, 1788326616564067100, 1788075911141757200)
TRACE METADATA_RETURN (25, 'tests.test_mo2_bootstrap_cli.Mo2BootstrapCliTests.test_create_and_adopt_report_a_receipt_promoted_before_reload_failure', 'C:\\Users\\red\\Desktop', 'staging ancestor', 646928465317719174, 562949953421844, 16749, 16384, 17, 8192, 1788503997123847000, 1788053565644439300)
TRACE METADATA_RETURN (26, 'tests.test_mo2_bootstrap_cli.Mo2BootstrapCliTests.test_create_and_adopt_report_a_receipt_promoted_before_reload_failure', 'C:\\Users\\red', 'staging ancestor', 646928465317719174, 844424930132489, 16895, 16384, 16, 8192, 1788075882856608700, 1788053565642646400)
TRACE METADATA_RETURN (27, 'tests.test_mo2_bootstrap_cli.Mo2BootstrapCliTests.test_create_and_adopt_report_a_receipt_promoted_before_reload_failure', 'C:\\Users', 'staging ancestor', 646928465317719174, 281474976714401, 16749, 16384, 17, 4096, 1788054538033586400, 1711956076184434800)
TRACE METADATA_RETURN (28, 'tests.test_mo2_bootstrap_cli.Mo2BootstrapCliTests.test_create_and_adopt_report_a_receipt_promoted_before_reload_failure', 'C:\\', 'staging ancestor', 646928465317719174, 1407374883553285, 16895, 16384, 22, 8192, 1788382507878463000, 1788125245406314100)
TRACE METADATA_RETURN (29, 'tests.test_mo2_bootstrap_cli.Mo2BootstrapCliTests.test_create_and_adopt_report_a_receipt_promoted_before_reload_failure', 'C:\\Users\\red\\Desktop\\Modlab\\.worktrees\\mo2-guard-bridge-handshake\\nt\\tmpnetpco3e\\ModLab\\workspace\\tools\\mo2\\.saerukz4jvpg66ajdivtytk6n54', 'staging root', 646928465317719174, 4222124650840536, 16895, 16384, 268435472, 0, 1788504785268197600, 1788504785268197600)
TRACE METADATA_RETURN (30, 'tests.test_mo2_bootstrap_cli.Mo2BootstrapCliTests.test_create_and_adopt_report_a_receipt_promoted_before_reload_failure', 'C:\\Users\\red\\Desktop\\Modlab\\.worktrees\\mo2-guard-bridge-handshake\\nt\\tmpnetpco3e\\ModLab\\workspace\\tools\\mo2\\.saerukz4jvpg66ajdivtytk6n54\\downloads', 'staged downloads directory', 646928465317719174, 3659174697419235, 16895, 16384, 268435472, 0, 1788504785278044800, 1788504785278044800)
TRACE METADATA_RETURN (31, 'tests.test_mo2_bootstrap_cli.Mo2BootstrapCliTests.test_create_and_adopt_report_a_receipt_promoted_before_reload_failure', 'C:\\Users\\red\\Desktop\\Modlab\\.worktrees\\mo2-guard-bridge-handshake\\nt\\tmpnetpco3e\\ModLab\\workspace\\tools\\mo2\\.saerukz4jvpg66ajdivtytk6n54\\mods', 'staged mods directory', 646928465317719174, 3659174697419236, 16895, 16384, 268435472, 0, 1788504785278044800, 1788504785278044800)
TRACE METADATA_RETURN (32, 'tests.test_mo2_bootstrap_cli.Mo2BootstrapCliTests.test_create_and_adopt_report_a_receipt_promoted_before_reload_failure', 'C:\\Users\\red\\Desktop\\Modlab\\.worktrees\\mo2-guard-bridge-handshake\\nt\\tmpnetpco3e\\ModLab\\workspace\\tools\\mo2\\.saerukz4jvpg66ajdivtytk6n54\\overwrite', 'staged overwrite directory', 646928465317719174, 3659174697419237, 16895, 16384, 268435472, 0, 1788504785279549700, 1788504785279549700)
TRACE METADATA_RETURN (33, 'tests.test_mo2_bootstrap_cli.Mo2BootstrapCliTests.test_create_and_adopt_report_a_receipt_promoted_before_reload_failure', 'C:\\Users\\red\\Desktop\\Modlab\\.worktrees\\mo2-guard-bridge-handshake\\nt\\tmpnetpco3e\\ModLab\\workspace\\tools\\mo2\\.saerukz4jvpg66ajdivtytk6n54\\webcache', 'staged webcache directory', 646928465317719174, 3659174697419238, 16895, 16384, 268435472, 0, 1788504785279549700, 1788504785279549700)
TRACE METADATA_RETURN (34, 'tests.test_mo2_bootstrap_cli.Mo2BootstrapCliTests.test_create_and_adopt_report_a_receipt_promoted_before_reload_failure', 'C:\\Users\\red\\Desktop\\Modlab\\.worktrees\\mo2-guard-bridge-handshake\\nt\\tmpnetpco3e\\ModLab\\workspace\\tools\\mo2\\skyrim-se-ae', 'empty MO2 target', 646928465317719174, 8162774324789677, 16895, 16384, 16, 4096, 1788504784891658200, 1788504784885645100)
TRACE METADATA_RETURN (35, 'tests.test_mo2_bootstrap_cli.Mo2BootstrapCliTests.test_create_and_adopt_report_a_receipt_promoted_before_reload_failure', 'C:\\Users\\red\\Desktop\\Modlab\\.worktrees\\mo2-guard-bridge-handshake\\nt\\tmpnetpco3e\\ModLab\\workspace\\tools\\mo2', 'staging ancestor', 646928465317719174, 8162774324789676, 16895, 16384, 16, 0, 1788504785268197600, 1788504784884645600)
TRACE METADATA_RETURN (36, 'tests.test_mo2_bootstrap_cli.Mo2BootstrapCliTests.test_create_and_adopt_report_a_receipt_promoted_before_reload_failure', 'C:\\Users\\red\\Desktop\\Modlab\\.worktrees\\mo2-guard-bridge-handshake\\nt\\tmpnetpco3e\\ModLab\\workspace\\tools', 'staging ancestor', 646928465317719174, 8162774324789675, 16895, 16384, 16, 0, 1788504784884645600, 1788504784884645600)
TRACE METADATA_RETURN (37, 'tests.test_mo2_bootstrap_cli.Mo2BootstrapCliTests.test_create_and_adopt_report_a_receipt_promoted_before_reload_failure', 'C:\\Users\\red\\Desktop\\Modlab\\.worktrees\\mo2-guard-bridge-handshake\\nt\\tmpnetpco3e\\ModLab\\workspace', 'staging ancestor', 646928465317719174, 8162774324789657, 16895, 16384, 16, 4096, 1788504784893009200, 1788504784862387200)
TRACE METADATA_RETURN (38, 'tests.test_mo2_bootstrap_cli.Mo2BootstrapCliTests.test_create_and_adopt_report_a_receipt_promoted_before_reload_failure', 'C:\\Users\\red\\Desktop\\Modlab\\.worktrees\\mo2-guard-bridge-handshake\\nt\\tmpnetpco3e\\ModLab', 'staging ancestor', 646928465317719174, 8444249301500312, 16895, 16384, 16, 0, 1788504784862903100, 1788504784862387200)
TRACE METADATA_RETURN (39, 'tests.test_mo2_bootstrap_cli.Mo2BootstrapCliTests.test_create_and_adopt_report_a_receipt_promoted_before_reload_failure', 'C:\\Users\\red\\Desktop\\Modlab\\.worktrees\\mo2-guard-bridge-handshake\\nt\\tmpnetpco3e', 'staging ancestor', 646928465317719174, 17169973579530644, 16895, 16384, 16, 0, 1788504784900575000, 1788504784861882200)
TRACE METADATA_RETURN (40, 'tests.test_mo2_bootstrap_cli.Mo2BootstrapCliTests.test_create_and_adopt_report_a_receipt_promoted_before_reload_failure', 'C:\\Users\\red\\Desktop\\Modlab\\.worktrees\\mo2-guard-bridge-handshake\\nt', 'staging ancestor', 646928465317719174, 46443371157297496, 16895, 16384, 16, 4096, 1788504784861882200, 1788423055466056200)
TRACE METADATA_RETURN (41, 'tests.test_mo2_bootstrap_cli.Mo2BootstrapCliTests.test_create_and_adopt_report_a_receipt_promoted_before_reload_failure', 'C:\\Users\\red\\Desktop\\Modlab\\.worktrees\\mo2-guard-bridge-handshake', 'staging ancestor', 646928465317719174, 7036874418101634, 16895, 16384, 16, 4096, 1788501364773118600, 1788328357323002400)
TRACE METADATA_RETURN (42, 'tests.test_mo2_bootstrap_cli.Mo2BootstrapCliTests.test_create_and_adopt_report_a_receipt_promoted_before_reload_failure', 'C:\\Users\\red\\Desktop\\Modlab\\.worktrees', 'staging ancestor', 646928465317719174, 19984723346604671, 16895, 16384, 16, 0, 1788328357323002400, 1788130403225499000)
TRACE METADATA_RETURN (43, 'tests.test_mo2_bootstrap_cli.Mo2BootstrapCliTests.test_create_and_adopt_report_a_receipt_promoted_before_reload_failure', 'C:\\Users\\red\\Desktop\\Modlab', 'staging ancestor', 646928465317719174, 1125899907162052, 16895, 16384, 16, 4096, 1788326616564067100, 1788075911141757200)
TRACE METADATA_RETURN (44, 'tests.test_mo2_bootstrap_cli.Mo2BootstrapCliTests.test_create_and_adopt_report_a_receipt_promoted_before_reload_failure', 'C:\\Users\\red\\Desktop', 'staging ancestor', 646928465317719174, 562949953421844, 16749, 16384, 17, 8192, 1788503997123847000, 1788053565644439300)
TRACE METADATA_RETURN (45, 'tests.test_mo2_bootstrap_cli.Mo2BootstrapCliTests.test_create_and_adopt_report_a_receipt_promoted_before_reload_failure', 'C:\\Users\\red', 'staging ancestor', 646928465317719174, 844424930132489, 16895, 16384, 16, 8192, 1788075882856608700, 1788053565642646400)
TRACE METADATA_RETURN (46, 'tests.test_mo2_bootstrap_cli.Mo2BootstrapCliTests.test_create_and_adopt_report_a_receipt_promoted_before_reload_failure', 'C:\\Users', 'staging ancestor', 646928465317719174, 281474976714401, 16749, 16384, 17, 4096, 1788054538033586400, 1711956076184434800)
TRACE METADATA_RETURN (47, 'tests.test_mo2_bootstrap_cli.Mo2BootstrapCliTests.test_create_and_adopt_report_a_receipt_promoted_before_reload_failure', 'C:\\', 'staging ancestor', 646928465317719174, 1407374883553285, 16895, 16384, 22, 8192, 1788382507878463000, 1788125245406314100)
TRACE METADATA_RETURN (48, 'tests.test_mo2_bootstrap_cli.Mo2BootstrapCliTests.test_create_and_adopt_report_a_receipt_promoted_before_reload_failure', 'C:\\Users\\red\\Desktop\\Modlab\\.worktrees\\mo2-guard-bridge-handshake\\nt\\tmpnetpco3e\\ModLab\\workspace\\runtime\\jobs\\mo2-bootstrap\\0123456789abcdef0123456789abcdef', 'staging ancestor', 646928465317719174, 4222124650840535, 16895, 16384, 16, 0, 1788504785446782200, 1788504785170115300)
TRACE METADATA_RETURN (49, 'tests.test_mo2_bootstrap_cli.Mo2BootstrapCliTests.test_create_and_adopt_report_a_receipt_promoted_before_reload_failure', 'C:\\Users\\red\\Desktop\\Modlab\\.worktrees\\mo2-guard-bridge-handshake\\nt\\tmpnetpco3e\\ModLab\\workspace\\runtime\\jobs\\mo2-bootstrap', 'staging ancestor', 646928465317719174, 4785074604261816, 16895, 16384, 16, 4096, 1788504785446782200, 1788504784895013400)
TRACE METADATA_RETURN (50, 'tests.test_mo2_bootstrap_cli.Mo2BootstrapCliTests.test_create_and_adopt_report_a_receipt_promoted_before_reload_failure', 'C:\\Users\\red\\Desktop\\Modlab\\.worktrees\\mo2-guard-bridge-handshake\\nt\\tmpnetpco3e\\ModLab\\workspace\\runtime\\jobs', 'staging ancestor', 646928465317719174, 6192449487815095, 16895, 16384, 16, 0, 1788504784895013400, 1788504784894013400)
TRACE METADATA_RETURN (51, 'tests.test_mo2_bootstrap_cli.Mo2BootstrapCliTests.test_create_and_adopt_report_a_receipt_promoted_before_reload_failure', 'C:\\Users\\red\\Desktop\\Modlab\\.worktrees\\mo2-guard-bridge-handshake\\nt\\tmpnetpco3e\\ModLab\\workspace\\runtime', 'staging ancestor', 646928465317719174, 8725724278210996, 16895, 16384, 16, 0, 1788504784897527500, 1788504784893009200)
TRACE METADATA_RETURN (52, 'tests.test_mo2_bootstrap_cli.Mo2BootstrapCliTests.test_create_and_adopt_report_a_receipt_promoted_before_reload_failure', 'C:\\Users\\red\\Desktop\\Modlab\\.worktrees\\mo2-guard-bridge-handshake\\nt\\tmpnetpco3e\\ModLab\\workspace', 'staging ancestor', 646928465317719174, 8162774324789657, 16895, 16384, 16, 4096, 1788504784893009200, 1788504784862387200)
TRACE METADATA_RETURN (53, 'tests.test_mo2_bootstrap_cli.Mo2BootstrapCliTests.test_create_and_adopt_report_a_receipt_promoted_before_reload_failure', 'C:\\Users\\red\\Desktop\\Modlab\\.worktrees\\mo2-guard-bridge-handshake\\nt\\tmpnetpco3e\\ModLab', 'staging ancestor', 646928465317719174, 8444249301500312, 16895, 16384, 16, 0, 1788504784862903100, 1788504784862387200)
TRACE METADATA_RETURN (54, 'tests.test_mo2_bootstrap_cli.Mo2BootstrapCliTests.test_create_and_adopt_report_a_receipt_promoted_before_reload_failure', 'C:\\Users\\red\\Desktop\\Modlab\\.worktrees\\mo2-guard-bridge-handshake\\nt\\tmpnetpco3e', 'staging ancestor', 646928465317719174, 17169973579530644, 16895, 16384, 16, 0, 1788504784900575000, 1788504784861882200)
TRACE METADATA_RETURN (55, 'tests.test_mo2_bootstrap_cli.Mo2BootstrapCliTests.test_create_and_adopt_report_a_receipt_promoted_before_reload_failure', 'C:\\Users\\red\\Desktop\\Modlab\\.worktrees\\mo2-guard-bridge-handshake\\nt', 'staging ancestor', 646928465317719174, 46443371157297496, 16895, 16384, 16, 4096, 1788504784861882200, 1788423055466056200)
TRACE METADATA_RETURN (56, 'tests.test_mo2_bootstrap_cli.Mo2BootstrapCliTests.test_create_and_adopt_report_a_receipt_promoted_before_reload_failure', 'C:\\Users\\red\\Desktop\\Modlab\\.worktrees\\mo2-guard-bridge-handshake', 'staging ancestor', 646928465317719174, 7036874418101634, 16895, 16384, 16, 4096, 1788501364773118600, 1788328357323002400)
TRACE METADATA_RETURN (57, 'tests.test_mo2_bootstrap_cli.Mo2BootstrapCliTests.test_create_and_adopt_report_a_receipt_promoted_before_reload_failure', 'C:\\Users\\red\\Desktop\\Modlab\\.worktrees', 'staging ancestor', 646928465317719174, 19984723346604671, 16895, 16384, 16, 0, 1788328357323002400, 1788130403225499000)
TRACE METADATA_RETURN (58, 'tests.test_mo2_bootstrap_cli.Mo2BootstrapCliTests.test_create_and_adopt_report_a_receipt_promoted_before_reload_failure', 'C:\\Users\\red\\Desktop\\Modlab', 'staging ancestor', 646928465317719174, 1125899907162052, 16895, 16384, 16, 4096, 1788326616564067100, 1788075911141757200)
TRACE METADATA_RETURN (59, 'tests.test_mo2_bootstrap_cli.Mo2BootstrapCliTests.test_create_and_adopt_report_a_receipt_promoted_before_reload_failure', 'C:\\Users\\red\\Desktop', 'staging ancestor', 646928465317719174, 562949953421844, 16749, 16384, 17, 8192, 1788503997123847000, 1788053565644439300)
TRACE METADATA_RETURN (60, 'tests.test_mo2_bootstrap_cli.Mo2BootstrapCliTests.test_create_and_adopt_report_a_receipt_promoted_before_reload_failure', 'C:\\Users\\red', 'staging ancestor', 646928465317719174, 844424930132489, 16895, 16384, 16, 8192, 1788075882856608700, 1788053565642646400)
TRACE METADATA_RETURN (61, 'tests.test_mo2_bootstrap_cli.Mo2BootstrapCliTests.test_create_and_adopt_report_a_receipt_promoted_before_reload_failure', 'C:\\Users', 'staging ancestor', 646928465317719174, 281474976714401, 16749, 16384, 17, 4096, 1788054538033586400, 1711956076184434800)
TRACE METADATA_RETURN (62, 'tests.test_mo2_bootstrap_cli.Mo2BootstrapCliTests.test_create_and_adopt_report_a_receipt_promoted_before_reload_failure', 'C:\\', 'staging ancestor', 646928465317719174, 1407374883553285, 16895, 16384, 22, 8192, 1788382507878463000, 1788125245406314100)
TRACE METADATA_RETURN (63, 'tests.test_mo2_bootstrap_cli.Mo2BootstrapCliTests.test_create_and_adopt_report_a_receipt_promoted_before_reload_failure', 'C:\\Users\\red\\Desktop\\Modlab\\.worktrees\\mo2-guard-bridge-handshake\\nt\\tmpnetpco3e\\ModLab\\workspace\\tools\\mo2\\skyrim-se-ae', 'empty target', 646928465317719174, 8162774324789677, 16895, 16384, 16, 4096, 1788504784891658200, 1788504784885645100)
TRACE METADATA_RETURN (64, 'tests.test_mo2_bootstrap_cli.Mo2BootstrapCliTests.test_create_and_adopt_report_a_receipt_promoted_before_reload_failure', 'C:\\Users\\red\\Desktop\\Modlab\\.worktrees\\mo2-guard-bridge-handshake\\nt\\tmpnetpco3e\\ModLab\\workspace\\tools\\mo2', 'staging ancestor', 646928465317719174, 8162774324789676, 16895, 16384, 16, 0, 1788504785268197600, 1788504784884645600)
TRACE METADATA_RETURN (65, 'tests.test_mo2_bootstrap_cli.Mo2BootstrapCliTests.test_create_and_adopt_report_a_receipt_promoted_before_reload_failure', 'C:\\Users\\red\\Desktop\\Modlab\\.worktrees\\mo2-guard-bridge-handshake\\nt\\tmpnetpco3e\\ModLab\\workspace\\tools', 'staging ancestor', 646928465317719174, 8162774324789675, 16895, 16384, 16, 0, 1788504784884645600, 1788504784884645600)
TRACE METADATA_RETURN (66, 'tests.test_mo2_bootstrap_cli.Mo2BootstrapCliTests.test_create_and_adopt_report_a_receipt_promoted_before_reload_failure', 'C:\\Users\\red\\Desktop\\Modlab\\.worktrees\\mo2-guard-bridge-handshake\\nt\\tmpnetpco3e\\ModLab\\workspace', 'staging ancestor', 646928465317719174, 8162774324789657, 16895, 16384, 16, 4096, 1788504784893009200, 1788504784862387200)
TRACE METADATA_RETURN (67, 'tests.test_mo2_bootstrap_cli.Mo2BootstrapCliTests.test_create_and_adopt_report_a_receipt_promoted_before_reload_failure', 'C:\\Users\\red\\Desktop\\Modlab\\.worktrees\\mo2-guard-bridge-handshake\\nt\\tmpnetpco3e\\ModLab', 'staging ancestor', 646928465317719174, 8444249301500312, 16895, 16384, 16, 0, 1788504784862903100, 1788504784862387200)
TRACE METADATA_RETURN (68, 'tests.test_mo2_bootstrap_cli.Mo2BootstrapCliTests.test_create_and_adopt_report_a_receipt_promoted_before_reload_failure', 'C:\\Users\\red\\Desktop\\Modlab\\.worktrees\\mo2-guard-bridge-handshake\\nt\\tmpnetpco3e', 'staging ancestor', 646928465317719174, 17169973579530644, 16895, 16384, 16, 0, 1788504784900575000, 1788504784861882200)
TRACE METADATA_RETURN (69, 'tests.test_mo2_bootstrap_cli.Mo2BootstrapCliTests.test_create_and_adopt_report_a_receipt_promoted_before_reload_failure', 'C:\\Users\\red\\Desktop\\Modlab\\.worktrees\\mo2-guard-bridge-handshake\\nt', 'staging ancestor', 646928465317719174, 46443371157297496, 16895, 16384, 16, 4096, 1788504784861882200, 1788423055466056200)
TRACE METADATA_RETURN (70, 'tests.test_mo2_bootstrap_cli.Mo2BootstrapCliTests.test_create_and_adopt_report_a_receipt_promoted_before_reload_failure', 'C:\\Users\\red\\Desktop\\Modlab\\.worktrees\\mo2-guard-bridge-handshake', 'staging ancestor', 646928465317719174, 7036874418101634, 16895, 16384, 16, 4096, 1788501364773118600, 1788328357323002400)
TRACE METADATA_RETURN (71, 'tests.test_mo2_bootstrap_cli.Mo2BootstrapCliTests.test_create_and_adopt_report_a_receipt_promoted_before_reload_failure', 'C:\\Users\\red\\Desktop\\Modlab\\.worktrees', 'staging ancestor', 646928465317719174, 19984723346604671, 16895, 16384, 16, 0, 1788328357323002400, 1788130403225499000)
TRACE METADATA_RETURN (72, 'tests.test_mo2_bootstrap_cli.Mo2BootstrapCliTests.test_create_and_adopt_report_a_receipt_promoted_before_reload_failure', 'C:\\Users\\red\\Desktop\\Modlab', 'staging ancestor', 646928465317719174, 1125899907162052, 16895, 16384, 16, 4096, 1788326616564067100, 1788075911141757200)
TRACE METADATA_RETURN (73, 'tests.test_mo2_bootstrap_cli.Mo2BootstrapCliTests.test_create_and_adopt_report_a_receipt_promoted_before_reload_failure', 'C:\\Users\\red\\Desktop', 'staging ancestor', 646928465317719174, 562949953421844, 16749, 16384, 17, 8192, 1788503997123847000, 1788053565644439300)
TRACE METADATA_RETURN (74, 'tests.test_mo2_bootstrap_cli.Mo2BootstrapCliTests.test_create_and_adopt_report_a_receipt_promoted_before_reload_failure', 'C:\\Users\\red', 'staging ancestor', 646928465317719174, 844424930132489, 16895, 16384, 16, 8192, 1788075882856608700, 1788053565642646400)
TRACE METADATA_RETURN (75, 'tests.test_mo2_bootstrap_cli.Mo2BootstrapCliTests.test_create_and_adopt_report_a_receipt_promoted_before_reload_failure', 'C:\\Users', 'staging ancestor', 646928465317719174, 281474976714401, 16749, 16384, 17, 4096, 1788054538033586400, 1711956076184434800)
TRACE METADATA_RETURN (76, 'tests.test_mo2_bootstrap_cli.Mo2BootstrapCliTests.test_create_and_adopt_report_a_receipt_promoted_before_reload_failure', 'C:\\', 'staging ancestor', 646928465317719174, 1407374883553285, 16895, 16384, 22, 8192, 1788382507878463000, 1788125245406314100)
TRACE METADATA_RETURN (77, 'tests.test_mo2_bootstrap_cli.Mo2BootstrapCliTests.test_create_and_adopt_report_a_receipt_promoted_before_reload_failure', 'C:\\Users\\red\\Desktop\\Modlab\\.worktrees\\mo2-guard-bridge-handshake\\nt\\tmpnetpco3e\\ModLab\\workspace\\runtime\\jobs\\mo2-bootstrap\\0123456789abcdef0123456789abcdef', 'staging ancestor', 646928465317719174, 4222124650840535, 16895, 16384, 16, 0, 1788504785446782200, 1788504785170115300)
TRACE METADATA_RETURN (78, 'tests.test_mo2_bootstrap_cli.Mo2BootstrapCliTests.test_create_and_adopt_report_a_receipt_promoted_before_reload_failure', 'C:\\Users\\red\\Desktop\\Modlab\\.worktrees\\mo2-guard-bridge-handshake\\nt\\tmpnetpco3e\\ModLab\\workspace\\runtime\\jobs\\mo2-bootstrap', 'staging ancestor', 646928465317719174, 4785074604261816, 16895, 16384, 16, 4096, 1788504785446782200, 1788504784895013400)
TRACE METADATA_RETURN (79, 'tests.test_mo2_bootstrap_cli.Mo2BootstrapCliTests.test_create_and_adopt_report_a_receipt_promoted_before_reload_failure', 'C:\\Users\\red\\Desktop\\Modlab\\.worktrees\\mo2-guard-bridge-handshake\\nt\\tmpnetpco3e\\ModLab\\workspace\\runtime\\jobs', 'staging ancestor', 646928465317719174, 6192449487815095, 16895, 16384, 16, 0, 1788504784895013400, 1788504784894013400)
TRACE METADATA_RETURN (80, 'tests.test_mo2_bootstrap_cli.Mo2BootstrapCliTests.test_create_and_adopt_report_a_receipt_promoted_before_reload_failure', 'C:\\Users\\red\\Desktop\\Modlab\\.worktrees\\mo2-guard-bridge-handshake\\nt\\tmpnetpco3e\\ModLab\\workspace\\runtime', 'staging ancestor', 646928465317719174, 8725724278210996, 16895, 16384, 16, 0, 1788504784897527500, 1788504784893009200)
TRACE METADATA_RETURN (81, 'tests.test_mo2_bootstrap_cli.Mo2BootstrapCliTests.test_create_and_adopt_report_a_receipt_promoted_before_reload_failure', 'C:\\Users\\red\\Desktop\\Modlab\\.worktrees\\mo2-guard-bridge-handshake\\nt\\tmpnetpco3e\\ModLab\\workspace', 'staging ancestor', 646928465317719174, 8162774324789657, 16895, 16384, 16, 4096, 1788504784893009200, 1788504784862387200)
TRACE METADATA_RETURN (82, 'tests.test_mo2_bootstrap_cli.Mo2BootstrapCliTests.test_create_and_adopt_report_a_receipt_promoted_before_reload_failure', 'C:\\Users\\red\\Desktop\\Modlab\\.worktrees\\mo2-guard-bridge-handshake\\nt\\tmpnetpco3e\\ModLab', 'staging ancestor', 646928465317719174, 8444249301500312, 16895, 16384, 16, 0, 1788504784862903100, 1788504784862387200)
TRACE METADATA_RETURN (83, 'tests.test_mo2_bootstrap_cli.Mo2BootstrapCliTests.test_create_and_adopt_report_a_receipt_promoted_before_reload_failure', 'C:\\Users\\red\\Desktop\\Modlab\\.worktrees\\mo2-guard-bridge-handshake\\nt\\tmpnetpco3e', 'staging ancestor', 646928465317719174, 17169973579530644, 16895, 16384, 16, 0, 1788504784900575000, 1788504784861882200)
TRACE METADATA_RETURN (84, 'tests.test_mo2_bootstrap_cli.Mo2BootstrapCliTests.test_create_and_adopt_report_a_receipt_promoted_before_reload_failure', 'C:\\Users\\red\\Desktop\\Modlab\\.worktrees\\mo2-guard-bridge-handshake\\nt', 'staging ancestor', 646928465317719174, 46443371157297496, 16895, 16384, 16, 4096, 1788504784861882200, 1788423055466056200)
TRACE METADATA_RETURN (85, 'tests.test_mo2_bootstrap_cli.Mo2BootstrapCliTests.test_create_and_adopt_report_a_receipt_promoted_before_reload_failure', 'C:\\Users\\red\\Desktop\\Modlab\\.worktrees\\mo2-guard-bridge-handshake', 'staging ancestor', 646928465317719174, 7036874418101634, 16895, 16384, 16, 4096, 1788501364773118600, 1788328357323002400)
TRACE METADATA_RETURN (86, 'tests.test_mo2_bootstrap_cli.Mo2BootstrapCliTests.test_create_and_adopt_report_a_receipt_promoted_before_reload_failure', 'C:\\Users\\red\\Desktop\\Modlab\\.worktrees', 'staging ancestor', 646928465317719174, 19984723346604671, 16895, 16384, 16, 0, 1788328357323002400, 1788130403225499000)
TRACE METADATA_RETURN (87, 'tests.test_mo2_bootstrap_cli.Mo2BootstrapCliTests.test_create_and_adopt_report_a_receipt_promoted_before_reload_failure', 'C:\\Users\\red\\Desktop\\Modlab', 'staging ancestor', 646928465317719174, 1125899907162052, 16895, 16384, 16, 4096, 1788326616564067100, 1788075911141757200)
TRACE METADATA_RETURN (88, 'tests.test_mo2_bootstrap_cli.Mo2BootstrapCliTests.test_create_and_adopt_report_a_receipt_promoted_before_reload_failure', 'C:\\Users\\red\\Desktop', 'staging ancestor', 646928465317719174, 562949953421844, 16749, 16384, 17, 8192, 1788503997123847000, 1788053565644439300)
TRACE METADATA_RETURN (89, 'tests.test_mo2_bootstrap_cli.Mo2BootstrapCliTests.test_create_and_adopt_report_a_receipt_promoted_before_reload_failure', 'C:\\Users\\red', 'staging ancestor', 646928465317719174, 844424930132489, 16895, 16384, 16, 8192, 1788075882856608700, 1788053565642646400)
TRACE METADATA_RETURN (90, 'tests.test_mo2_bootstrap_cli.Mo2BootstrapCliTests.test_create_and_adopt_report_a_receipt_promoted_before_reload_failure', 'C:\\Users', 'staging ancestor', 646928465317719174, 281474976714401, 16749, 16384, 17, 4096, 1788054538033586400, 1711956076184434800)
TRACE METADATA_RETURN (91, 'tests.test_mo2_bootstrap_cli.Mo2BootstrapCliTests.test_create_and_adopt_report_a_receipt_promoted_before_reload_failure', 'C:\\', 'staging ancestor', 646928465317719174, 1407374883553285, 16895, 16384, 22, 8192, 1788382507878463000, 1788125245406314100)
TRACE METADATA_RETURN (92, 'tests.test_mo2_bootstrap_cli.Mo2BootstrapCliTests.test_create_and_adopt_report_a_receipt_promoted_before_reload_failure', 'C:\\Users\\red\\Desktop\\Modlab\\.worktrees\\mo2-guard-bridge-handshake\\nt\\tmpnetpco3e\\ModLab\\workspace\\tools\\mo2', 'staging ancestor', 646928465317719174, 8162774324789676, 16895, 16384, 16, 0, 1788504785479882100, 1788504784884645600)
TRACE METADATA_RETURN (93, 'tests.test_mo2_bootstrap_cli.Mo2BootstrapCliTests.test_create_and_adopt_report_a_receipt_promoted_before_reload_failure', 'C:\\Users\\red\\Desktop\\Modlab\\.worktrees\\mo2-guard-bridge-handshake\\nt\\tmpnetpco3e\\ModLab\\workspace\\tools', 'staging ancestor', 646928465317719174, 8162774324789675, 16895, 16384, 16, 0, 1788504784884645600, 1788504784884645600)
TRACE METADATA_RETURN (94, 'tests.test_mo2_bootstrap_cli.Mo2BootstrapCliTests.test_create_and_adopt_report_a_receipt_promoted_before_reload_failure', 'C:\\Users\\red\\Desktop\\Modlab\\.worktrees\\mo2-guard-bridge-handshake\\nt\\tmpnetpco3e\\ModLab\\workspace', 'staging ancestor', 646928465317719174, 8162774324789657, 16895, 16384, 16, 4096, 1788504784893009200, 1788504784862387200)
TRACE METADATA_RETURN (95, 'tests.test_mo2_bootstrap_cli.Mo2BootstrapCliTests.test_create_and_adopt_report_a_receipt_promoted_before_reload_failure', 'C:\\Users\\red\\Desktop\\Modlab\\.worktrees\\mo2-guard-bridge-handshake\\nt\\tmpnetpco3e\\ModLab', 'staging ancestor', 646928465317719174, 8444249301500312, 16895, 16384, 16, 0, 1788504784862903100, 1788504784862387200)
TRACE METADATA_RETURN (96, 'tests.test_mo2_bootstrap_cli.Mo2BootstrapCliTests.test_create_and_adopt_report_a_receipt_promoted_before_reload_failure', 'C:\\Users\\red\\Desktop\\Modlab\\.worktrees\\mo2-guard-bridge-handshake\\nt\\tmpnetpco3e', 'staging ancestor', 646928465317719174, 17169973579530644, 16895, 16384, 16, 0, 1788504784900575000, 1788504784861882200)
TRACE METADATA_RETURN (97, 'tests.test_mo2_bootstrap_cli.Mo2BootstrapCliTests.test_create_and_adopt_report_a_receipt_promoted_before_reload_failure', 'C:\\Users\\red\\Desktop\\Modlab\\.worktrees\\mo2-guard-bridge-handshake\\nt', 'staging ancestor', 646928465317719174, 46443371157297496, 16895, 16384, 16, 4096, 1788504784861882200, 1788423055466056200)
TRACE METADATA_RETURN (98, 'tests.test_mo2_bootstrap_cli.Mo2BootstrapCliTests.test_create_and_adopt_report_a_receipt_promoted_before_reload_failure', 'C:\\Users\\red\\Desktop\\Modlab\\.worktrees\\mo2-guard-bridge-handshake', 'staging ancestor', 646928465317719174, 7036874418101634, 16895, 16384, 16, 4096, 1788501364773118600, 1788328357323002400)
TRACE METADATA_RETURN (99, 'tests.test_mo2_bootstrap_cli.Mo2BootstrapCliTests.test_create_and_adopt_report_a_receipt_promoted_before_reload_failure', 'C:\\Users\\red\\Desktop\\Modlab\\.worktrees', 'staging ancestor', 646928465317719174, 19984723346604671, 16895, 16384, 16, 0, 1788328357323002400, 1788130403225499000)
TRACE METADATA_RETURN (100, 'tests.test_mo2_bootstrap_cli.Mo2BootstrapCliTests.test_create_and_adopt_report_a_receipt_promoted_before_reload_failure', 'C:\\Users\\red\\Desktop\\Modlab', 'staging ancestor', 646928465317719174, 1125899907162052, 16895, 16384, 16, 4096, 1788326616564067100, 1788075911141757200)
TRACE METADATA_RETURN (101, 'tests.test_mo2_bootstrap_cli.Mo2BootstrapCliTests.test_create_and_adopt_report_a_receipt_promoted_before_reload_failure', 'C:\\Users\\red\\Desktop', 'staging ancestor', 646928465317719174, 562949953421844, 16749, 16384, 17, 8192, 1788503997123847000, 1788053565644439300)
TRACE METADATA_RETURN (102, 'tests.test_mo2_bootstrap_cli.Mo2BootstrapCliTests.test_create_and_adopt_report_a_receipt_promoted_before_reload_failure', 'C:\\Users\\red', 'staging ancestor', 646928465317719174, 844424930132489, 16895, 16384, 16, 8192, 1788075882856608700, 1788053565642646400)
TRACE METADATA_RETURN (103, 'tests.test_mo2_bootstrap_cli.Mo2BootstrapCliTests.test_create_and_adopt_report_a_receipt_promoted_before_reload_failure', 'C:\\Users', 'staging ancestor', 646928465317719174, 281474976714401, 16749, 16384, 17, 4096, 1788054538033586400, 1711956076184434800)
TRACE METADATA_RETURN (104, 'tests.test_mo2_bootstrap_cli.Mo2BootstrapCliTests.test_create_and_adopt_report_a_receipt_promoted_before_reload_failure', 'C:\\', 'staging ancestor', 646928465317719174, 1407374883553285, 16895, 16384, 22, 8192, 1788382507878463000, 1788125245406314100)
TRACE METADATA_RETURN (105, 'tests.test_mo2_bootstrap_cli.Mo2BootstrapCliTests.test_create_and_adopt_report_a_receipt_promoted_before_reload_failure', 'C:\\Users\\red\\Desktop\\Modlab\\.worktrees\\mo2-guard-bridge-handshake\\nt\\tmpnetpco3e\\ModLab\\workspace\\runtime\\jobs\\mo2-bootstrap\\0123456789abcdef0123456789abcdef', 'staging ancestor', 646928465317719174, 4222124650840535, 16895, 16384, 16, 0, 1788504785479882100, 1788504785170115300)
TRACE METADATA_RETURN (106, 'tests.test_mo2_bootstrap_cli.Mo2BootstrapCliTests.test_create_and_adopt_report_a_receipt_promoted_before_reload_failure', 'C:\\Users\\red\\Desktop\\Modlab\\.worktrees\\mo2-guard-bridge-handshake\\nt\\tmpnetpco3e\\ModLab\\workspace\\runtime\\jobs\\mo2-bootstrap', 'staging ancestor', 646928465317719174, 4785074604261816, 16895, 16384, 16, 4096, 1788504785446782200, 1788504784895013400)
TRACE METADATA_RETURN (107, 'tests.test_mo2_bootstrap_cli.Mo2BootstrapCliTests.test_create_and_adopt_report_a_receipt_promoted_before_reload_failure', 'C:\\Users\\red\\Desktop\\Modlab\\.worktrees\\mo2-guard-bridge-handshake\\nt\\tmpnetpco3e\\ModLab\\workspace\\runtime\\jobs', 'staging ancestor', 646928465317719174, 6192449487815095, 16895, 16384, 16, 0, 1788504784895013400, 1788504784894013400)
TRACE METADATA_RETURN (108, 'tests.test_mo2_bootstrap_cli.Mo2BootstrapCliTests.test_create_and_adopt_report_a_receipt_promoted_before_reload_failure', 'C:\\Users\\red\\Desktop\\Modlab\\.worktrees\\mo2-guard-bridge-handshake\\nt\\tmpnetpco3e\\ModLab\\workspace\\runtime', 'staging ancestor', 646928465317719174, 8725724278210996, 16895, 16384, 16, 0, 1788504784897527500, 1788504784893009200)
TRACE METADATA_RETURN (109, 'tests.test_mo2_bootstrap_cli.Mo2BootstrapCliTests.test_create_and_adopt_report_a_receipt_promoted_before_reload_failure', 'C:\\Users\\red\\Desktop\\Modlab\\.worktrees\\mo2-guard-bridge-handshake\\nt\\tmpnetpco3e\\ModLab\\workspace', 'staging ancestor', 646928465317719174, 8162774324789657, 16895, 16384, 16, 4096, 1788504784893009200, 1788504784862387200)
TRACE METADATA_RETURN (110, 'tests.test_mo2_bootstrap_cli.Mo2BootstrapCliTests.test_create_and_adopt_report_a_receipt_promoted_before_reload_failure', 'C:\\Users\\red\\Desktop\\Modlab\\.worktrees\\mo2-guard-bridge-handshake\\nt\\tmpnetpco3e\\ModLab', 'staging ancestor', 646928465317719174, 8444249301500312, 16895, 16384, 16, 0, 1788504784862903100, 1788504784862387200)
TRACE METADATA_RETURN (111, 'tests.test_mo2_bootstrap_cli.Mo2BootstrapCliTests.test_create_and_adopt_report_a_receipt_promoted_before_reload_failure', 'C:\\Users\\red\\Desktop\\Modlab\\.worktrees\\mo2-guard-bridge-handshake\\nt\\tmpnetpco3e', 'staging ancestor', 646928465317719174, 17169973579530644, 16895, 16384, 16, 0, 1788504784900575000, 1788504784861882200)
TRACE METADATA_RETURN (112, 'tests.test_mo2_bootstrap_cli.Mo2BootstrapCliTests.test_create_and_adopt_report_a_receipt_promoted_before_reload_failure', 'C:\\Users\\red\\Desktop\\Modlab\\.worktrees\\mo2-guard-bridge-handshake\\nt', 'staging ancestor', 646928465317719174, 46443371157297496, 16895, 16384, 16, 4096, 1788504784861882200, 1788423055466056200)
TRACE METADATA_RETURN (113, 'tests.test_mo2_bootstrap_cli.Mo2BootstrapCliTests.test_create_and_adopt_report_a_receipt_promoted_before_reload_failure', 'C:\\Users\\red\\Desktop\\Modlab\\.worktrees\\mo2-guard-bridge-handshake', 'staging ancestor', 646928465317719174, 7036874418101634, 16895, 16384, 16, 4096, 1788501364773118600, 1788328357323002400)
TRACE METADATA_RETURN (114, 'tests.test_mo2_bootstrap_cli.Mo2BootstrapCliTests.test_create_and_adopt_report_a_receipt_promoted_before_reload_failure', 'C:\\Users\\red\\Desktop\\Modlab\\.worktrees', 'staging ancestor', 646928465317719174, 19984723346604671, 16895, 16384, 16, 0, 1788328357323002400, 1788130403225499000)
TRACE METADATA_RETURN (115, 'tests.test_mo2_bootstrap_cli.Mo2BootstrapCliTests.test_create_and_adopt_report_a_receipt_promoted_before_reload_failure', 'C:\\Users\\red\\Desktop\\Modlab', 'staging ancestor', 646928465317719174, 1125899907162052, 16895, 16384, 16, 4096, 1788326616564067100, 1788075911141757200)
TRACE METADATA_RETURN (116, 'tests.test_mo2_bootstrap_cli.Mo2BootstrapCliTests.test_create_and_adopt_report_a_receipt_promoted_before_reload_failure', 'C:\\Users\\red\\Desktop', 'staging ancestor', 646928465317719174, 562949953421844, 16749, 16384, 17, 8192, 1788503997123847000, 1788053565644439300)
TRACE METADATA_RETURN (117, 'tests.test_mo2_bootstrap_cli.Mo2BootstrapCliTests.test_create_and_adopt_report_a_receipt_promoted_before_reload_failure', 'C:\\Users\\red', 'staging ancestor', 646928465317719174, 844424930132489, 16895, 16384, 16, 8192, 1788075882856608700, 1788053565642646400)
TRACE METADATA_RETURN (118, 'tests.test_mo2_bootstrap_cli.Mo2BootstrapCliTests.test_create_and_adopt_report_a_receipt_promoted_before_reload_failure', 'C:\\Users', 'staging ancestor', 646928465317719174, 281474976714401, 16749, 16384, 17, 4096, 1788054538033586400, 1711956076184434800)
TRACE METADATA_RETURN (119, 'tests.test_mo2_bootstrap_cli.Mo2BootstrapCliTests.test_create_and_adopt_report_a_receipt_promoted_before_reload_failure', 'C:\\', 'staging ancestor', 646928465317719174, 1407374883553285, 16895, 16384, 22, 8192, 1788382507878463000, 1788125245406314100)
TRACE METADATA_RETURN (120, 'tests.test_mo2_bootstrap_cli.Mo2BootstrapCliTests.test_create_and_adopt_report_a_receipt_promoted_before_reload_failure', 'C:\\Users\\red\\Desktop\\Modlab\\.worktrees\\mo2-guard-bridge-handshake\\nt\\tmpnetpco3e\\ModLab\\workspace\\runtime\\jobs\\mo2-bootstrap\\0123456789abcdef0123456789abcdef\\prior', 'preserved target', 646928465317719174, 8162774324789677, 16895, 16384, 16, 4096, 1788504784891658200, 1788504784885645100)
TRACE METADATA_RETURN (121, 'tests.test_mo2_bootstrap_cli.Mo2BootstrapCliTests.test_create_and_adopt_report_a_receipt_promoted_before_reload_failure', 'C:\\Users\\red\\Desktop\\Modlab\\.worktrees\\mo2-guard-bridge-handshake\\nt\\tmpnetpco3e\\ModLab\\workspace\\tools\\mo2', 'staging ancestor', 646928465317719174, 8162774324789676, 16895, 16384, 16, 0, 1788504785479882100, 1788504784884645600)
TRACE METADATA_RETURN (122, 'tests.test_mo2_bootstrap_cli.Mo2BootstrapCliTests.test_create_and_adopt_report_a_receipt_promoted_before_reload_failure', 'C:\\Users\\red\\Desktop\\Modlab\\.worktrees\\mo2-guard-bridge-handshake\\nt\\tmpnetpco3e\\ModLab\\workspace\\tools', 'staging ancestor', 646928465317719174, 8162774324789675, 16895, 16384, 16, 0, 1788504784884645600, 1788504784884645600)
TRACE METADATA_RETURN (123, 'tests.test_mo2_bootstrap_cli.Mo2BootstrapCliTests.test_create_and_adopt_report_a_receipt_promoted_before_reload_failure', 'C:\\Users\\red\\Desktop\\Modlab\\.worktrees\\mo2-guard-bridge-handshake\\nt\\tmpnetpco3e\\ModLab\\workspace', 'staging ancestor', 646928465317719174, 8162774324789657, 16895, 16384, 16, 4096, 1788504784893009200, 1788504784862387200)
TRACE METADATA_RETURN (124, 'tests.test_mo2_bootstrap_cli.Mo2BootstrapCliTests.test_create_and_adopt_report_a_receipt_promoted_before_reload_failure', 'C:\\Users\\red\\Desktop\\Modlab\\.worktrees\\mo2-guard-bridge-handshake\\nt\\tmpnetpco3e\\ModLab', 'staging ancestor', 646928465317719174, 8444249301500312, 16895, 16384, 16, 0, 1788504784862903100, 1788504784862387200)
TRACE METADATA_RETURN (125, 'tests.test_mo2_bootstrap_cli.Mo2BootstrapCliTests.test_create_and_adopt_report_a_receipt_promoted_before_reload_failure', 'C:\\Users\\red\\Desktop\\Modlab\\.worktrees\\mo2-guard-bridge-handshake\\nt\\tmpnetpco3e', 'staging ancestor', 646928465317719174, 17169973579530644, 16895, 16384, 16, 0, 1788504784900575000, 1788504784861882200)
TRACE METADATA_RETURN (126, 'tests.test_mo2_bootstrap_cli.Mo2BootstrapCliTests.test_create_and_adopt_report_a_receipt_promoted_before_reload_failure', 'C:\\Users\\red\\Desktop\\Modlab\\.worktrees\\mo2-guard-bridge-handshake\\nt', 'staging ancestor', 646928465317719174, 46443371157297496, 16895, 16384, 16, 4096, 1788504784861882200, 1788423055466056200)
TRACE METADATA_RETURN (127, 'tests.test_mo2_bootstrap_cli.Mo2BootstrapCliTests.test_create_and_adopt_report_a_receipt_promoted_before_reload_failure', 'C:\\Users\\red\\Desktop\\Modlab\\.worktrees\\mo2-guard-bridge-handshake', 'staging ancestor', 646928465317719174, 7036874418101634, 16895, 16384, 16, 4096, 1788501364773118600, 1788328357323002400)
TRACE METADATA_RETURN (128, 'tests.test_mo2_bootstrap_cli.Mo2BootstrapCliTests.test_create_and_adopt_report_a_receipt_promoted_before_reload_failure', 'C:\\Users\\red\\Desktop\\Modlab\\.worktrees', 'staging ancestor', 646928465317719174, 19984723346604671, 16895, 16384, 16, 0, 1788328357323002400, 1788130403225499000)
TRACE METADATA_RETURN (129, 'tests.test_mo2_bootstrap_cli.Mo2BootstrapCliTests.test_create_and_adopt_report_a_receipt_promoted_before_reload_failure', 'C:\\Users\\red\\Desktop\\Modlab', 'staging ancestor', 646928465317719174, 1125899907162052, 16895, 16384, 16, 4096, 1788326616564067100, 1788075911141757200)
TRACE METADATA_RETURN (130, 'tests.test_mo2_bootstrap_cli.Mo2BootstrapCliTests.test_create_and_adopt_report_a_receipt_promoted_before_reload_failure', 'C:\\Users\\red\\Desktop', 'staging ancestor', 646928465317719174, 562949953421844, 16749, 16384, 17, 8192, 1788503997123847000, 1788053565644439300)
TRACE METADATA_RETURN (131, 'tests.test_mo2_bootstrap_cli.Mo2BootstrapCliTests.test_create_and_adopt_report_a_receipt_promoted_before_reload_failure', 'C:\\Users\\red', 'staging ancestor', 646928465317719174, 844424930132489, 16895, 16384, 16, 8192, 1788075882856608700, 1788053565642646400)
TRACE METADATA_RETURN (132, 'tests.test_mo2_bootstrap_cli.Mo2BootstrapCliTests.test_create_and_adopt_report_a_receipt_promoted_before_reload_failure', 'C:\\Users', 'staging ancestor', 646928465317719174, 281474976714401, 16749, 16384, 17, 4096, 1788054538033586400, 1711956076184434800)
TRACE METADATA_RETURN (133, 'tests.test_mo2_bootstrap_cli.Mo2BootstrapCliTests.test_create_and_adopt_report_a_receipt_promoted_before_reload_failure', 'C:\\', 'staging ancestor', 646928465317719174, 1407374883553285, 16895, 16384, 22, 8192, 1788382507878463000, 1788125245406314100)
TRACE METADATA_RETURN (134, 'tests.test_mo2_bootstrap_cli.Mo2BootstrapCliTests.test_create_and_adopt_report_a_receipt_promoted_before_reload_failure', 'C:\\Users\\red\\Desktop\\Modlab\\.worktrees\\mo2-guard-bridge-handshake\\nt\\tmpnetpco3e\\ModLab\\workspace\\runtime\\jobs\\mo2-bootstrap\\0123456789abcdef0123456789abcdef', 'staging ancestor', 646928465317719174, 4222124650840535, 16895, 16384, 16, 0, 1788504785479882100, 1788504785170115300)
TRACE METADATA_RETURN (135, 'tests.test_mo2_bootstrap_cli.Mo2BootstrapCliTests.test_create_and_adopt_report_a_receipt_promoted_before_reload_failure', 'C:\\Users\\red\\Desktop\\Modlab\\.worktrees\\mo2-guard-bridge-handshake\\nt\\tmpnetpco3e\\ModLab\\workspace\\runtime\\jobs\\mo2-bootstrap', 'staging ancestor', 646928465317719174, 4785074604261816, 16895, 16384, 16, 4096, 1788504785446782200, 1788504784895013400)
TRACE METADATA_RETURN (136, 'tests.test_mo2_bootstrap_cli.Mo2BootstrapCliTests.test_create_and_adopt_report_a_receipt_promoted_before_reload_failure', 'C:\\Users\\red\\Desktop\\Modlab\\.worktrees\\mo2-guard-bridge-handshake\\nt\\tmpnetpco3e\\ModLab\\workspace\\runtime\\jobs', 'staging ancestor', 646928465317719174, 6192449487815095, 16895, 16384, 16, 0, 1788504784895013400, 1788504784894013400)
TRACE METADATA_RETURN (137, 'tests.test_mo2_bootstrap_cli.Mo2BootstrapCliTests.test_create_and_adopt_report_a_receipt_promoted_before_reload_failure', 'C:\\Users\\red\\Desktop\\Modlab\\.worktrees\\mo2-guard-bridge-handshake\\nt\\tmpnetpco3e\\ModLab\\workspace\\runtime', 'staging ancestor', 646928465317719174, 8725724278210996, 16895, 16384, 16, 0, 1788504784897527500, 1788504784893009200)
TRACE METADATA_RETURN (138, 'tests.test_mo2_bootstrap_cli.Mo2BootstrapCliTests.test_create_and_adopt_report_a_receipt_promoted_before_reload_failure', 'C:\\Users\\red\\Desktop\\Modlab\\.worktrees\\mo2-guard-bridge-handshake\\nt\\tmpnetpco3e\\ModLab\\workspace', 'staging ancestor', 646928465317719174, 8162774324789657, 16895, 16384, 16, 4096, 1788504784893009200, 1788504784862387200)
TRACE METADATA_RETURN (139, 'tests.test_mo2_bootstrap_cli.Mo2BootstrapCliTests.test_create_and_adopt_report_a_receipt_promoted_before_reload_failure', 'C:\\Users\\red\\Desktop\\Modlab\\.worktrees\\mo2-guard-bridge-handshake\\nt\\tmpnetpco3e\\ModLab', 'staging ancestor', 646928465317719174, 8444249301500312, 16895, 16384, 16, 0, 1788504784862903100, 1788504784862387200)
TRACE METADATA_RETURN (140, 'tests.test_mo2_bootstrap_cli.Mo2BootstrapCliTests.test_create_and_adopt_report_a_receipt_promoted_before_reload_failure', 'C:\\Users\\red\\Desktop\\Modlab\\.worktrees\\mo2-guard-bridge-handshake\\nt\\tmpnetpco3e', 'staging ancestor', 646928465317719174, 17169973579530644, 16895, 16384, 16, 0, 1788504784900575000, 1788504784861882200)
TRACE METADATA_RETURN (141, 'tests.test_mo2_bootstrap_cli.Mo2BootstrapCliTests.test_create_and_adopt_report_a_receipt_promoted_before_reload_failure', 'C:\\Users\\red\\Desktop\\Modlab\\.worktrees\\mo2-guard-bridge-handshake\\nt', 'staging ancestor', 646928465317719174, 46443371157297496, 16895, 16384, 16, 4096, 1788504784861882200, 1788423055466056200)
TRACE METADATA_RETURN (142, 'tests.test_mo2_bootstrap_cli.Mo2BootstrapCliTests.test_create_and_adopt_report_a_receipt_promoted_before_reload_failure', 'C:\\Users\\red\\Desktop\\Modlab\\.worktrees\\mo2-guard-bridge-handshake', 'staging ancestor', 646928465317719174, 7036874418101634, 16895, 16384, 16, 4096, 1788501364773118600, 1788328357323002400)
TRACE METADATA_RETURN (143, 'tests.test_mo2_bootstrap_cli.Mo2BootstrapCliTests.test_create_and_adopt_report_a_receipt_promoted_before_reload_failure', 'C:\\Users\\red\\Desktop\\Modlab\\.worktrees', 'staging ancestor', 646928465317719174, 19984723346604671, 16895, 16384, 16, 0, 1788328357323002400, 1788130403225499000)
TRACE METADATA_RETURN (144, 'tests.test_mo2_bootstrap_cli.Mo2BootstrapCliTests.test_create_and_adopt_report_a_receipt_promoted_before_reload_failure', 'C:\\Users\\red\\Desktop\\Modlab', 'staging ancestor', 646928465317719174, 1125899907162052, 16895, 16384, 16, 4096, 1788326616564067100, 1788075911141757200)
TRACE METADATA_RETURN (145, 'tests.test_mo2_bootstrap_cli.Mo2BootstrapCliTests.test_create_and_adopt_report_a_receipt_promoted_before_reload_failure', 'C:\\Users\\red\\Desktop', 'staging ancestor', 646928465317719174, 562949953421844, 16749, 16384, 17, 8192, 1788503997123847000, 1788053565644439300)
TRACE METADATA_RETURN (146, 'tests.test_mo2_bootstrap_cli.Mo2BootstrapCliTests.test_create_and_adopt_report_a_receipt_promoted_before_reload_failure', 'C:\\Users\\red', 'staging ancestor', 646928465317719174, 844424930132489, 16895, 16384, 16, 8192, 1788075882856608700, 1788053565642646400)
TRACE METADATA_RETURN (147, 'tests.test_mo2_bootstrap_cli.Mo2BootstrapCliTests.test_create_and_adopt_report_a_receipt_promoted_before_reload_failure', 'C:\\Users', 'staging ancestor', 646928465317719174, 281474976714401, 16749, 16384, 17, 4096, 1788054538033586400, 1711956076184434800)
TRACE METADATA_RETURN (148, 'tests.test_mo2_bootstrap_cli.Mo2BootstrapCliTests.test_create_and_adopt_report_a_receipt_promoted_before_reload_failure', 'C:\\', 'staging ancestor', 646928465317719174, 1407374883553285, 16895, 16384, 22, 8192, 1788382507878463000, 1788125245406314100)
TRACE METADATA_RETURN (149, 'tests.test_mo2_bootstrap_cli.Mo2BootstrapCliTests.test_create_and_adopt_report_a_receipt_promoted_before_reload_failure', 'C:\\Users\\red\\Desktop\\Modlab\\.worktrees\\mo2-guard-bridge-handshake\\nt\\tmpnetpco3e\\ModLab\\workspace\\runtime\\jobs\\mo2-bootstrap\\0123456789abcdef0123456789abcdef\\prior', 'preserved target', 646928465317719174, 8162774324789677, 16895, 16384, 16, 4096, 1788504784891658200, 1788504784885645100)
TRACE METADATA_RETURN (150, 'tests.test_mo2_bootstrap_cli.Mo2BootstrapCliTests.test_create_and_adopt_report_a_receipt_promoted_before_reload_failure', 'C:\\Users\\red\\Desktop\\Modlab\\.worktrees\\mo2-guard-bridge-handshake\\nt\\tmpnetpco3e\\ModLab\\workspace\\tools\\mo2\\.saerukz4jvpg66ajdivtytk6n54', 'staged instance', 646928465317719174, 4222124650840536, 16895, 16384, 16, 4096, 1788504785280558200, 1788504785268197600)
TRACE METADATA_RETURN (151, 'tests.test_mo2_bootstrap_cli.Mo2BootstrapCliTests.test_create_and_adopt_report_a_receipt_promoted_before_reload_failure', 'C:\\Users\\red\\Desktop\\Modlab\\.worktrees\\mo2-guard-bridge-handshake\\nt\\tmpnetpco3e\\ModLab\\workspace\\tools\\mo2', 'staging ancestor', 646928465317719174, 8162774324789676, 16895, 16384, 16, 0, 1788504785479882100, 1788504784884645600)
TRACE METADATA_RETURN (152, 'tests.test_mo2_bootstrap_cli.Mo2BootstrapCliTests.test_create_and_adopt_report_a_receipt_promoted_before_reload_failure', 'C:\\Users\\red\\Desktop\\Modlab\\.worktrees\\mo2-guard-bridge-handshake\\nt\\tmpnetpco3e\\ModLab\\workspace\\tools', 'staging ancestor', 646928465317719174, 8162774324789675, 16895, 16384, 16, 0, 1788504784884645600, 1788504784884645600)
TRACE METADATA_RETURN (153, 'tests.test_mo2_bootstrap_cli.Mo2BootstrapCliTests.test_create_and_adopt_report_a_receipt_promoted_before_reload_failure', 'C:\\Users\\red\\Desktop\\Modlab\\.worktrees\\mo2-guard-bridge-handshake\\nt\\tmpnetpco3e\\ModLab\\workspace', 'staging ancestor', 646928465317719174, 8162774324789657, 16895, 16384, 16, 4096, 1788504784893009200, 1788504784862387200)
TRACE METADATA_RETURN (154, 'tests.test_mo2_bootstrap_cli.Mo2BootstrapCliTests.test_create_and_adopt_report_a_receipt_promoted_before_reload_failure', 'C:\\Users\\red\\Desktop\\Modlab\\.worktrees\\mo2-guard-bridge-handshake\\nt\\tmpnetpco3e\\ModLab', 'staging ancestor', 646928465317719174, 8444249301500312, 16895, 16384, 16, 0, 1788504784862903100, 1788504784862387200)
TRACE METADATA_RETURN (155, 'tests.test_mo2_bootstrap_cli.Mo2BootstrapCliTests.test_create_and_adopt_report_a_receipt_promoted_before_reload_failure', 'C:\\Users\\red\\Desktop\\Modlab\\.worktrees\\mo2-guard-bridge-handshake\\nt\\tmpnetpco3e', 'staging ancestor', 646928465317719174, 17169973579530644, 16895, 16384, 16, 0, 1788504784900575000, 1788504784861882200)
TRACE METADATA_RETURN (156, 'tests.test_mo2_bootstrap_cli.Mo2BootstrapCliTests.test_create_and_adopt_report_a_receipt_promoted_before_reload_failure', 'C:\\Users\\red\\Desktop\\Modlab\\.worktrees\\mo2-guard-bridge-handshake\\nt', 'staging ancestor', 646928465317719174, 46443371157297496, 16895, 16384, 16, 4096, 1788504784861882200, 1788423055466056200)
TRACE METADATA_RETURN (157, 'tests.test_mo2_bootstrap_cli.Mo2BootstrapCliTests.test_create_and_adopt_report_a_receipt_promoted_before_reload_failure', 'C:\\Users\\red\\Desktop\\Modlab\\.worktrees\\mo2-guard-bridge-handshake', 'staging ancestor', 646928465317719174, 7036874418101634, 16895, 16384, 16, 4096, 1788501364773118600, 1788328357323002400)
TRACE METADATA_RETURN (158, 'tests.test_mo2_bootstrap_cli.Mo2BootstrapCliTests.test_create_and_adopt_report_a_receipt_promoted_before_reload_failure', 'C:\\Users\\red\\Desktop\\Modlab\\.worktrees', 'staging ancestor', 646928465317719174, 19984723346604671, 16895, 16384, 16, 0, 1788328357323002400, 1788130403225499000)
TRACE METADATA_RETURN (159, 'tests.test_mo2_bootstrap_cli.Mo2BootstrapCliTests.test_create_and_adopt_report_a_receipt_promoted_before_reload_failure', 'C:\\Users\\red\\Desktop\\Modlab', 'staging ancestor', 646928465317719174, 1125899907162052, 16895, 16384, 16, 4096, 1788326616564067100, 1788075911141757200)
TRACE METADATA_RETURN (160, 'tests.test_mo2_bootstrap_cli.Mo2BootstrapCliTests.test_create_and_adopt_report_a_receipt_promoted_before_reload_failure', 'C:\\Users\\red\\Desktop', 'staging ancestor', 646928465317719174, 562949953421844, 16749, 16384, 17, 8192, 1788503997123847000, 1788053565644439300)
TRACE METADATA_RETURN (161, 'tests.test_mo2_bootstrap_cli.Mo2BootstrapCliTests.test_create_and_adopt_report_a_receipt_promoted_before_reload_failure', 'C:\\Users\\red', 'staging ancestor', 646928465317719174, 844424930132489, 16895, 16384, 16, 8192, 1788075882856608700, 1788053565642646400)
TRACE METADATA_RETURN (162, 'tests.test_mo2_bootstrap_cli.Mo2BootstrapCliTests.test_create_and_adopt_report_a_receipt_promoted_before_reload_failure', 'C:\\Users', 'staging ancestor', 646928465317719174, 281474976714401, 16749, 16384, 17, 4096, 1788054538033586400, 1711956076184434800)
TRACE METADATA_RETURN (163, 'tests.test_mo2_bootstrap_cli.Mo2BootstrapCliTests.test_create_and_adopt_report_a_receipt_promoted_before_reload_failure', 'C:\\', 'staging ancestor', 646928465317719174, 1407374883553285, 16895, 16384, 22, 8192, 1788382507878463000, 1788125245406314100)
TRACE METADATA_RETURN (164, 'tests.test_mo2_bootstrap_cli.Mo2BootstrapCliTests.test_create_and_adopt_report_a_receipt_promoted_before_reload_failure', 'C:\\Users\\red\\Desktop\\Modlab\\.worktrees\\mo2-guard-bridge-handshake\\nt\\tmpnetpco3e\\ModLab\\workspace\\runtime\\jobs\\mo2-bootstrap\\0123456789abcdef0123456789abcdef', 'staging ancestor', 646928465317719174, 4222124650840535, 16895, 16384, 16, 0, 1788504785479882100, 1788504785170115300)
TRACE METADATA_RETURN (165, 'tests.test_mo2_bootstrap_cli.Mo2BootstrapCliTests.test_create_and_adopt_report_a_receipt_promoted_before_reload_failure', 'C:\\Users\\red\\Desktop\\Modlab\\.worktrees\\mo2-guard-bridge-handshake\\nt\\tmpnetpco3e\\ModLab\\workspace\\runtime\\jobs\\mo2-bootstrap', 'staging ancestor', 646928465317719174, 4785074604261816, 16895, 16384, 16, 4096, 1788504785446782200, 1788504784895013400)
TRACE METADATA_RETURN (166, 'tests.test_mo2_bootstrap_cli.Mo2BootstrapCliTests.test_create_and_adopt_report_a_receipt_promoted_before_reload_failure', 'C:\\Users\\red\\Desktop\\Modlab\\.worktrees\\mo2-guard-bridge-handshake\\nt\\tmpnetpco3e\\ModLab\\workspace\\runtime\\jobs', 'staging ancestor', 646928465317719174, 6192449487815095, 16895, 16384, 16, 0, 1788504784895013400, 1788504784894013400)
TRACE METADATA_RETURN (167, 'tests.test_mo2_bootstrap_cli.Mo2BootstrapCliTests.test_create_and_adopt_report_a_receipt_promoted_before_reload_failure', 'C:\\Users\\red\\Desktop\\Modlab\\.worktrees\\mo2-guard-bridge-handshake\\nt\\tmpnetpco3e\\ModLab\\workspace\\runtime', 'staging ancestor', 646928465317719174, 8725724278210996, 16895, 16384, 16, 0, 1788504784897527500, 1788504784893009200)
TRACE METADATA_RETURN (168, 'tests.test_mo2_bootstrap_cli.Mo2BootstrapCliTests.test_create_and_adopt_report_a_receipt_promoted_before_reload_failure', 'C:\\Users\\red\\Desktop\\Modlab\\.worktrees\\mo2-guard-bridge-handshake\\nt\\tmpnetpco3e\\ModLab\\workspace', 'staging ancestor', 646928465317719174, 8162774324789657, 16895, 16384, 16, 4096, 1788504784893009200, 1788504784862387200)
TRACE METADATA_RETURN (169, 'tests.test_mo2_bootstrap_cli.Mo2BootstrapCliTests.test_create_and_adopt_report_a_receipt_promoted_before_reload_failure', 'C:\\Users\\red\\Desktop\\Modlab\\.worktrees\\mo2-guard-bridge-handshake\\nt\\tmpnetpco3e\\ModLab', 'staging ancestor', 646928465317719174, 8444249301500312, 16895, 16384, 16, 0, 1788504784862903100, 1788504784862387200)
TRACE METADATA_RETURN (170, 'tests.test_mo2_bootstrap_cli.Mo2BootstrapCliTests.test_create_and_adopt_report_a_receipt_promoted_before_reload_failure', 'C:\\Users\\red\\Desktop\\Modlab\\.worktrees\\mo2-guard-bridge-handshake\\nt\\tmpnetpco3e', 'staging ancestor', 646928465317719174, 17169973579530644, 16895, 16384, 16, 0, 1788504784900575000, 1788504784861882200)
TRACE METADATA_RETURN (171, 'tests.test_mo2_bootstrap_cli.Mo2BootstrapCliTests.test_create_and_adopt_report_a_receipt_promoted_before_reload_failure', 'C:\\Users\\red\\Desktop\\Modlab\\.worktrees\\mo2-guard-bridge-handshake\\nt', 'staging ancestor', 646928465317719174, 46443371157297496, 16895, 16384, 16, 4096, 1788504784861882200, 1788423055466056200)
TRACE METADATA_RETURN (172, 'tests.test_mo2_bootstrap_cli.Mo2BootstrapCliTests.test_create_and_adopt_report_a_receipt_promoted_before_reload_failure', 'C:\\Users\\red\\Desktop\\Modlab\\.worktrees\\mo2-guard-bridge-handshake', 'staging ancestor', 646928465317719174, 7036874418101634, 16895, 16384, 16, 4096, 1788501364773118600, 1788328357323002400)
TRACE METADATA_RETURN (173, 'tests.test_mo2_bootstrap_cli.Mo2BootstrapCliTests.test_create_and_adopt_report_a_receipt_promoted_before_reload_failure', 'C:\\Users\\red\\Desktop\\Modlab\\.worktrees', 'staging ancestor', 646928465317719174, 19984723346604671, 16895, 16384, 16, 0, 1788328357323002400, 1788130403225499000)
TRACE METADATA_RETURN (174, 'tests.test_mo2_bootstrap_cli.Mo2BootstrapCliTests.test_create_and_adopt_report_a_receipt_promoted_before_reload_failure', 'C:\\Users\\red\\Desktop\\Modlab', 'staging ancestor', 646928465317719174, 1125899907162052, 16895, 16384, 16, 4096, 1788326616564067100, 1788075911141757200)
TRACE METADATA_RETURN (175, 'tests.test_mo2_bootstrap_cli.Mo2BootstrapCliTests.test_create_and_adopt_report_a_receipt_promoted_before_reload_failure', 'C:\\Users\\red\\Desktop', 'staging ancestor', 646928465317719174, 562949953421844, 16749, 16384, 17, 8192, 1788503997123847000, 1788053565644439300)
TRACE METADATA_RETURN (176, 'tests.test_mo2_bootstrap_cli.Mo2BootstrapCliTests.test_create_and_adopt_report_a_receipt_promoted_before_reload_failure', 'C:\\Users\\red', 'staging ancestor', 646928465317719174, 844424930132489, 16895, 16384, 16, 8192, 1788075882856608700, 1788053565642646400)
TRACE METADATA_RETURN (177, 'tests.test_mo2_bootstrap_cli.Mo2BootstrapCliTests.test_create_and_adopt_report_a_receipt_promoted_before_reload_failure', 'C:\\Users', 'staging ancestor', 646928465317719174, 281474976714401, 16749, 16384, 17, 4096, 1788054538033586400, 1711956076184434800)
TRACE METADATA_RETURN (178, 'tests.test_mo2_bootstrap_cli.Mo2BootstrapCliTests.test_create_and_adopt_report_a_receipt_promoted_before_reload_failure', 'C:\\', 'staging ancestor', 646928465317719174, 1407374883553285, 16895, 16384, 22, 8192, 1788382507878463000, 1788125245406314100)
TRACE METADATA_RETURN (179, 'tests.test_mo2_bootstrap_cli.Mo2BootstrapCliTests.test_create_and_adopt_report_a_receipt_promoted_before_reload_failure', 'C:\\Users\\red\\Desktop\\Modlab\\.worktrees\\mo2-guard-bridge-handshake\\nt\\tmpnetpco3e\\ModLab\\workspace\\runtime\\jobs\\mo2-bootstrap\\0123456789abcdef0123456789abcdef\\prior', 'preserved target', 646928465317719174, 8162774324789677, 16895, 16384, 16, 4096, 1788504784891658200, 1788504784885645100)
TRACE METADATA_RETURN (180, 'tests.test_mo2_bootstrap_cli.Mo2BootstrapCliTests.test_create_and_adopt_report_a_receipt_promoted_before_reload_failure', 'C:\\Users\\red\\Desktop\\Modlab\\.worktrees\\mo2-guard-bridge-handshake\\nt\\tmpnetpco3e\\ModLab\\workspace\\tools\\mo2', 'staging ancestor', 646928465317719174, 8162774324789676, 16895, 16384, 16, 0, 1788504785479882100, 1788504784884645600)
TRACE METADATA_RETURN (181, 'tests.test_mo2_bootstrap_cli.Mo2BootstrapCliTests.test_create_and_adopt_report_a_receipt_promoted_before_reload_failure', 'C:\\Users\\red\\Desktop\\Modlab\\.worktrees\\mo2-guard-bridge-handshake\\nt\\tmpnetpco3e\\ModLab\\workspace\\tools', 'staging ancestor', 646928465317719174, 8162774324789675, 16895, 16384, 16, 0, 1788504784884645600, 1788504784884645600)
TRACE METADATA_RETURN (182, 'tests.test_mo2_bootstrap_cli.Mo2BootstrapCliTests.test_create_and_adopt_report_a_receipt_promoted_before_reload_failure', 'C:\\Users\\red\\Desktop\\Modlab\\.worktrees\\mo2-guard-bridge-handshake\\nt\\tmpnetpco3e\\ModLab\\workspace', 'staging ancestor', 646928465317719174, 8162774324789657, 16895, 16384, 16, 4096, 1788504784893009200, 1788504784862387200)
TRACE METADATA_RETURN (183, 'tests.test_mo2_bootstrap_cli.Mo2BootstrapCliTests.test_create_and_adopt_report_a_receipt_promoted_before_reload_failure', 'C:\\Users\\red\\Desktop\\Modlab\\.worktrees\\mo2-guard-bridge-handshake\\nt\\tmpnetpco3e\\ModLab', 'staging ancestor', 646928465317719174, 8444249301500312, 16895, 16384, 16, 0, 1788504784862903100, 1788504784862387200)
TRACE METADATA_RETURN (184, 'tests.test_mo2_bootstrap_cli.Mo2BootstrapCliTests.test_create_and_adopt_report_a_receipt_promoted_before_reload_failure', 'C:\\Users\\red\\Desktop\\Modlab\\.worktrees\\mo2-guard-bridge-handshake\\nt\\tmpnetpco3e', 'staging ancestor', 646928465317719174, 17169973579530644, 16895, 16384, 16, 0, 1788504784900575000, 1788504784861882200)
TRACE METADATA_RETURN (185, 'tests.test_mo2_bootstrap_cli.Mo2BootstrapCliTests.test_create_and_adopt_report_a_receipt_promoted_before_reload_failure', 'C:\\Users\\red\\Desktop\\Modlab\\.worktrees\\mo2-guard-bridge-handshake\\nt', 'staging ancestor', 646928465317719174, 46443371157297496, 16895, 16384, 16, 4096, 1788504784861882200, 1788423055466056200)
TRACE METADATA_RETURN (186, 'tests.test_mo2_bootstrap_cli.Mo2BootstrapCliTests.test_create_and_adopt_report_a_receipt_promoted_before_reload_failure', 'C:\\Users\\red\\Desktop\\Modlab\\.worktrees\\mo2-guard-bridge-handshake', 'staging ancestor', 646928465317719174, 7036874418101634, 16895, 16384, 16, 4096, 1788501364773118600, 1788328357323002400)
TRACE METADATA_RETURN (187, 'tests.test_mo2_bootstrap_cli.Mo2BootstrapCliTests.test_create_and_adopt_report_a_receipt_promoted_before_reload_failure', 'C:\\Users\\red\\Desktop\\Modlab\\.worktrees', 'staging ancestor', 646928465317719174, 19984723346604671, 16895, 16384, 16, 0, 1788328357323002400, 1788130403225499000)
TRACE METADATA_RETURN (188, 'tests.test_mo2_bootstrap_cli.Mo2BootstrapCliTests.test_create_and_adopt_report_a_receipt_promoted_before_reload_failure', 'C:\\Users\\red\\Desktop\\Modlab', 'staging ancestor', 646928465317719174, 1125899907162052, 16895, 16384, 16, 4096, 1788326616564067100, 1788075911141757200)
TRACE METADATA_RETURN (189, 'tests.test_mo2_bootstrap_cli.Mo2BootstrapCliTests.test_create_and_adopt_report_a_receipt_promoted_before_reload_failure', 'C:\\Users\\red\\Desktop', 'staging ancestor', 646928465317719174, 562949953421844, 16749, 16384, 17, 8192, 1788503997123847000, 1788053565644439300)
TRACE METADATA_RETURN (190, 'tests.test_mo2_bootstrap_cli.Mo2BootstrapCliTests.test_create_and_adopt_report_a_receipt_promoted_before_reload_failure', 'C:\\Users\\red', 'staging ancestor', 646928465317719174, 844424930132489, 16895, 16384, 16, 8192, 1788075882856608700, 1788053565642646400)
TRACE METADATA_RETURN (191, 'tests.test_mo2_bootstrap_cli.Mo2BootstrapCliTests.test_create_and_adopt_report_a_receipt_promoted_before_reload_failure', 'C:\\Users', 'staging ancestor', 646928465317719174, 281474976714401, 16749, 16384, 17, 4096, 1788054538033586400, 1711956076184434800)
TRACE METADATA_RETURN (192, 'tests.test_mo2_bootstrap_cli.Mo2BootstrapCliTests.test_create_and_adopt_report_a_receipt_promoted_before_reload_failure', 'C:\\', 'staging ancestor', 646928465317719174, 1407374883553285, 16895, 16384, 22, 8192, 1788382507878463000, 1788125245406314100)
TRACE METADATA_RETURN (193, 'tests.test_mo2_bootstrap_cli.Mo2BootstrapCliTests.test_create_and_adopt_report_a_receipt_promoted_before_reload_failure', 'C:\\Users\\red\\Desktop\\Modlab\\.worktrees\\mo2-guard-bridge-handshake\\nt\\tmpnetpco3e\\ModLab\\workspace\\runtime\\jobs\\mo2-bootstrap\\0123456789abcdef0123456789abcdef', 'staging ancestor', 646928465317719174, 4222124650840535, 16895, 16384, 16, 0, 1788504785479882100, 1788504785170115300)
TRACE METADATA_RETURN (194, 'tests.test_mo2_bootstrap_cli.Mo2BootstrapCliTests.test_create_and_adopt_report_a_receipt_promoted_before_reload_failure', 'C:\\Users\\red\\Desktop\\Modlab\\.worktrees\\mo2-guard-bridge-handshake\\nt\\tmpnetpco3e\\ModLab\\workspace\\runtime\\jobs\\mo2-bootstrap', 'staging ancestor', 646928465317719174, 4785074604261816, 16895, 16384, 16, 4096, 1788504785446782200, 1788504784895013400)
TRACE METADATA_RETURN (195, 'tests.test_mo2_bootstrap_cli.Mo2BootstrapCliTests.test_create_and_adopt_report_a_receipt_promoted_before_reload_failure', 'C:\\Users\\red\\Desktop\\Modlab\\.worktrees\\mo2-guard-bridge-handshake\\nt\\tmpnetpco3e\\ModLab\\workspace\\runtime\\jobs', 'staging ancestor', 646928465317719174, 6192449487815095, 16895, 16384, 16, 0, 1788504784895013400, 1788504784894013400)
TRACE METADATA_RETURN (196, 'tests.test_mo2_bootstrap_cli.Mo2BootstrapCliTests.test_create_and_adopt_report_a_receipt_promoted_before_reload_failure', 'C:\\Users\\red\\Desktop\\Modlab\\.worktrees\\mo2-guard-bridge-handshake\\nt\\tmpnetpco3e\\ModLab\\workspace\\runtime', 'staging ancestor', 646928465317719174, 8725724278210996, 16895, 16384, 16, 0, 1788504784897527500, 1788504784893009200)
TRACE METADATA_RETURN (197, 'tests.test_mo2_bootstrap_cli.Mo2BootstrapCliTests.test_create_and_adopt_report_a_receipt_promoted_before_reload_failure', 'C:\\Users\\red\\Desktop\\Modlab\\.worktrees\\mo2-guard-bridge-handshake\\nt\\tmpnetpco3e\\ModLab\\workspace', 'staging ancestor', 646928465317719174, 8162774324789657, 16895, 16384, 16, 4096, 1788504784893009200, 1788504784862387200)
TRACE METADATA_RETURN (198, 'tests.test_mo2_bootstrap_cli.Mo2BootstrapCliTests.test_create_and_adopt_report_a_receipt_promoted_before_reload_failure', 'C:\\Users\\red\\Desktop\\Modlab\\.worktrees\\mo2-guard-bridge-handshake\\nt\\tmpnetpco3e\\ModLab', 'staging ancestor', 646928465317719174, 8444249301500312, 16895, 16384, 16, 0, 1788504784862903100, 1788504784862387200)
TRACE METADATA_RETURN (199, 'tests.test_mo2_bootstrap_cli.Mo2BootstrapCliTests.test_create_and_adopt_report_a_receipt_promoted_before_reload_failure', 'C:\\Users\\red\\Desktop\\Modlab\\.worktrees\\mo2-guard-bridge-handshake\\nt\\tmpnetpco3e', 'staging ancestor', 646928465317719174, 17169973579530644, 16895, 16384, 16, 0, 1788504784900575000, 1788504784861882200)
TRACE METADATA_RETURN (200, 'tests.test_mo2_bootstrap_cli.Mo2BootstrapCliTests.test_create_and_adopt_report_a_receipt_promoted_before_reload_failure', 'C:\\Users\\red\\Desktop\\Modlab\\.worktrees\\mo2-guard-bridge-handshake\\nt', 'staging ancestor', 646928465317719174, 46443371157297496, 16895, 16384, 16, 4096, 1788504784861882200, 1788423055466056200)
TRACE METADATA_RETURN (201, 'tests.test_mo2_bootstrap_cli.Mo2BootstrapCliTests.test_create_and_adopt_report_a_receipt_promoted_before_reload_failure', 'C:\\Users\\red\\Desktop\\Modlab\\.worktrees\\mo2-guard-bridge-handshake', 'staging ancestor', 646928465317719174, 7036874418101634, 16895, 16384, 16, 4096, 1788501364773118600, 1788328357323002400)
TRACE METADATA_RETURN (202, 'tests.test_mo2_bootstrap_cli.Mo2BootstrapCliTests.test_create_and_adopt_report_a_receipt_promoted_before_reload_failure', 'C:\\Users\\red\\Desktop\\Modlab\\.worktrees', 'staging ancestor', 646928465317719174, 19984723346604671, 16895, 16384, 16, 0, 1788328357323002400, 1788130403225499000)
TRACE METADATA_RETURN (203, 'tests.test_mo2_bootstrap_cli.Mo2BootstrapCliTests.test_create_and_adopt_report_a_receipt_promoted_before_reload_failure', 'C:\\Users\\red\\Desktop\\Modlab', 'staging ancestor', 646928465317719174, 1125899907162052, 16895, 16384, 16, 4096, 1788326616564067100, 1788075911141757200)
TRACE METADATA_RETURN (204, 'tests.test_mo2_bootstrap_cli.Mo2BootstrapCliTests.test_create_and_adopt_report_a_receipt_promoted_before_reload_failure', 'C:\\Users\\red\\Desktop', 'staging ancestor', 646928465317719174, 562949953421844, 16749, 16384, 17, 8192, 1788503997123847000, 1788053565644439300)
TRACE METADATA_RETURN (205, 'tests.test_mo2_bootstrap_cli.Mo2BootstrapCliTests.test_create_and_adopt_report_a_receipt_promoted_before_reload_failure', 'C:\\Users\\red', 'staging ancestor', 646928465317719174, 844424930132489, 16895, 16384, 16, 8192, 1788075882856608700, 1788053565642646400)
TRACE METADATA_RETURN (206, 'tests.test_mo2_bootstrap_cli.Mo2BootstrapCliTests.test_create_and_adopt_report_a_receipt_promoted_before_reload_failure', 'C:\\Users', 'staging ancestor', 646928465317719174, 281474976714401, 16749, 16384, 17, 4096, 1788054538033586400, 1711956076184434800)
TRACE METADATA_RETURN (207, 'tests.test_mo2_bootstrap_cli.Mo2BootstrapCliTests.test_create_and_adopt_report_a_receipt_promoted_before_reload_failure', 'C:\\', 'staging ancestor', 646928465317719174, 1407374883553285, 16895, 16384, 22, 8192, 1788382507878463000, 1788125245406314100)
TRACE METADATA_RETURN (208, 'tests.test_mo2_bootstrap_cli.Mo2BootstrapCliTests.test_create_and_adopt_report_a_receipt_promoted_before_reload_failure', 'C:\\Users\\red\\Desktop\\Modlab\\.worktrees\\mo2-guard-bridge-handshake\\nt\\tmpnetpco3e\\ModLab\\workspace\\tools\\mo2', 'staging ancestor', 646928465317719174, 8162774324789676, 16895, 16384, 16, 0, 1788504785487903400, 1788504784884645600)
TRACE METADATA_RETURN (209, 'tests.test_mo2_bootstrap_cli.Mo2BootstrapCliTests.test_create_and_adopt_report_a_receipt_promoted_before_reload_failure', 'C:\\Users\\red\\Desktop\\Modlab\\.worktrees\\mo2-guard-bridge-handshake\\nt\\tmpnetpco3e\\ModLab\\workspace\\tools', 'staging ancestor', 646928465317719174, 8162774324789675, 16895, 16384, 16, 0, 1788504784884645600, 1788504784884645600)
TRACE METADATA_RETURN (210, 'tests.test_mo2_bootstrap_cli.Mo2BootstrapCliTests.test_create_and_adopt_report_a_receipt_promoted_before_reload_failure', 'C:\\Users\\red\\Desktop\\Modlab\\.worktrees\\mo2-guard-bridge-handshake\\nt\\tmpnetpco3e\\ModLab\\workspace', 'staging ancestor', 646928465317719174, 8162774324789657, 16895, 16384, 16, 4096, 1788504784893009200, 1788504784862387200)
TRACE METADATA_RETURN (211, 'tests.test_mo2_bootstrap_cli.Mo2BootstrapCliTests.test_create_and_adopt_report_a_receipt_promoted_before_reload_failure', 'C:\\Users\\red\\Desktop\\Modlab\\.worktrees\\mo2-guard-bridge-handshake\\nt\\tmpnetpco3e\\ModLab', 'staging ancestor', 646928465317719174, 8444249301500312, 16895, 16384, 16, 0, 1788504784862903100, 1788504784862387200)
TRACE METADATA_RETURN (212, 'tests.test_mo2_bootstrap_cli.Mo2BootstrapCliTests.test_create_and_adopt_report_a_receipt_promoted_before_reload_failure', 'C:\\Users\\red\\Desktop\\Modlab\\.worktrees\\mo2-guard-bridge-handshake\\nt\\tmpnetpco3e', 'staging ancestor', 646928465317719174, 17169973579530644, 16895, 16384, 16, 0, 1788504784900575000, 1788504784861882200)
TRACE METADATA_RETURN (213, 'tests.test_mo2_bootstrap_cli.Mo2BootstrapCliTests.test_create_and_adopt_report_a_receipt_promoted_before_reload_failure', 'C:\\Users\\red\\Desktop\\Modlab\\.worktrees\\mo2-guard-bridge-handshake\\nt', 'staging ancestor', 646928465317719174, 46443371157297496, 16895, 16384, 16, 4096, 1788504784861882200, 1788423055466056200)
TRACE METADATA_RETURN (214, 'tests.test_mo2_bootstrap_cli.Mo2BootstrapCliTests.test_create_and_adopt_report_a_receipt_promoted_before_reload_failure', 'C:\\Users\\red\\Desktop\\Modlab\\.worktrees\\mo2-guard-bridge-handshake', 'staging ancestor', 646928465317719174, 7036874418101634, 16895, 16384, 16, 4096, 1788501364773118600, 1788328357323002400)
TRACE METADATA_RETURN (215, 'tests.test_mo2_bootstrap_cli.Mo2BootstrapCliTests.test_create_and_adopt_report_a_receipt_promoted_before_reload_failure', 'C:\\Users\\red\\Desktop\\Modlab\\.worktrees', 'staging ancestor', 646928465317719174, 19984723346604671, 16895, 16384, 16, 0, 1788328357323002400, 1788130403225499000)
TRACE METADATA_RETURN (216, 'tests.test_mo2_bootstrap_cli.Mo2BootstrapCliTests.test_create_and_adopt_report_a_receipt_promoted_before_reload_failure', 'C:\\Users\\red\\Desktop\\Modlab', 'staging ancestor', 646928465317719174, 1125899907162052, 16895, 16384, 16, 4096, 1788326616564067100, 1788075911141757200)
TRACE METADATA_RETURN (217, 'tests.test_mo2_bootstrap_cli.Mo2BootstrapCliTests.test_create_and_adopt_report_a_receipt_promoted_before_reload_failure', 'C:\\Users\\red\\Desktop', 'staging ancestor', 646928465317719174, 562949953421844, 16749, 16384, 17, 8192, 1788503997123847000, 1788053565644439300)
TRACE METADATA_RETURN (218, 'tests.test_mo2_bootstrap_cli.Mo2BootstrapCliTests.test_create_and_adopt_report_a_receipt_promoted_before_reload_failure', 'C:\\Users\\red', 'staging ancestor', 646928465317719174, 844424930132489, 16895, 16384, 16, 8192, 1788075882856608700, 1788053565642646400)
TRACE METADATA_RETURN (219, 'tests.test_mo2_bootstrap_cli.Mo2BootstrapCliTests.test_create_and_adopt_report_a_receipt_promoted_before_reload_failure', 'C:\\Users', 'staging ancestor', 646928465317719174, 281474976714401, 16749, 16384, 17, 4096, 1788054538033586400, 1711956076184434800)
TRACE METADATA_RETURN (220, 'tests.test_mo2_bootstrap_cli.Mo2BootstrapCliTests.test_create_and_adopt_report_a_receipt_promoted_before_reload_failure', 'C:\\', 'staging ancestor', 646928465317719174, 1407374883553285, 16895, 16384, 22, 8192, 1788382507878463000, 1788125245406314100)
TRACE METADATA_RETURN (221, 'tests.test_mo2_bootstrap_cli.Mo2BootstrapCliTests.test_create_and_adopt_report_a_receipt_promoted_before_reload_failure', 'C:\\Users\\red\\Desktop\\Modlab\\.worktrees\\mo2-guard-bridge-handshake\\nt\\tmpnetpco3e\\ModLab\\workspace\\runtime\\jobs\\mo2-bootstrap\\0123456789abcdef0123456789abcdef', 'staging ancestor', 646928465317719174, 4222124650840535, 16895, 16384, 16, 0, 1788504785487903400, 1788504785170115300)
TRACE METADATA_RETURN (222, 'tests.test_mo2_bootstrap_cli.Mo2BootstrapCliTests.test_create_and_adopt_report_a_receipt_promoted_before_reload_failure', 'C:\\Users\\red\\Desktop\\Modlab\\.worktrees\\mo2-guard-bridge-handshake\\nt\\tmpnetpco3e\\ModLab\\workspace\\runtime\\jobs\\mo2-bootstrap', 'staging ancestor', 646928465317719174, 4785074604261816, 16895, 16384, 16, 4096, 1788504785446782200, 1788504784895013400)
TRACE METADATA_RETURN (223, 'tests.test_mo2_bootstrap_cli.Mo2BootstrapCliTests.test_create_and_adopt_report_a_receipt_promoted_before_reload_failure', 'C:\\Users\\red\\Desktop\\Modlab\\.worktrees\\mo2-guard-bridge-handshake\\nt\\tmpnetpco3e\\ModLab\\workspace\\runtime\\jobs', 'staging ancestor', 646928465317719174, 6192449487815095, 16895, 16384, 16, 0, 1788504784895013400, 1788504784894013400)
TRACE METADATA_RETURN (224, 'tests.test_mo2_bootstrap_cli.Mo2BootstrapCliTests.test_create_and_adopt_report_a_receipt_promoted_before_reload_failure', 'C:\\Users\\red\\Desktop\\Modlab\\.worktrees\\mo2-guard-bridge-handshake\\nt\\tmpnetpco3e\\ModLab\\workspace\\runtime', 'staging ancestor', 646928465317719174, 8725724278210996, 16895, 16384, 16, 0, 1788504784897527500, 1788504784893009200)
TRACE METADATA_RETURN (225, 'tests.test_mo2_bootstrap_cli.Mo2BootstrapCliTests.test_create_and_adopt_report_a_receipt_promoted_before_reload_failure', 'C:\\Users\\red\\Desktop\\Modlab\\.worktrees\\mo2-guard-bridge-handshake\\nt\\tmpnetpco3e\\ModLab\\workspace', 'staging ancestor', 646928465317719174, 8162774324789657, 16895, 16384, 16, 4096, 1788504784893009200, 1788504784862387200)
TRACE METADATA_RETURN (226, 'tests.test_mo2_bootstrap_cli.Mo2BootstrapCliTests.test_create_and_adopt_report_a_receipt_promoted_before_reload_failure', 'C:\\Users\\red\\Desktop\\Modlab\\.worktrees\\mo2-guard-bridge-handshake\\nt\\tmpnetpco3e\\ModLab', 'staging ancestor', 646928465317719174, 8444249301500312, 16895, 16384, 16, 0, 1788504784862903100, 1788504784862387200)
TRACE METADATA_RETURN (227, 'tests.test_mo2_bootstrap_cli.Mo2BootstrapCliTests.test_create_and_adopt_report_a_receipt_promoted_before_reload_failure', 'C:\\Users\\red\\Desktop\\Modlab\\.worktrees\\mo2-guard-bridge-handshake\\nt\\tmpnetpco3e', 'staging ancestor', 646928465317719174, 17169973579530644, 16895, 16384, 16, 0, 1788504784900575000, 1788504784861882200)
TRACE METADATA_RETURN (228, 'tests.test_mo2_bootstrap_cli.Mo2BootstrapCliTests.test_create_and_adopt_report_a_receipt_promoted_before_reload_failure', 'C:\\Users\\red\\Desktop\\Modlab\\.worktrees\\mo2-guard-bridge-handshake\\nt', 'staging ancestor', 646928465317719174, 46443371157297496, 16895, 16384, 16, 4096, 1788504784861882200, 1788423055466056200)
TRACE METADATA_RETURN (229, 'tests.test_mo2_bootstrap_cli.Mo2BootstrapCliTests.test_create_and_adopt_report_a_receipt_promoted_before_reload_failure', 'C:\\Users\\red\\Desktop\\Modlab\\.worktrees\\mo2-guard-bridge-handshake', 'staging ancestor', 646928465317719174, 7036874418101634, 16895, 16384, 16, 4096, 1788501364773118600, 1788328357323002400)
TRACE METADATA_RETURN (230, 'tests.test_mo2_bootstrap_cli.Mo2BootstrapCliTests.test_create_and_adopt_report_a_receipt_promoted_before_reload_failure', 'C:\\Users\\red\\Desktop\\Modlab\\.worktrees', 'staging ancestor', 646928465317719174, 19984723346604671, 16895, 16384, 16, 0, 1788328357323002400, 1788130403225499000)
TRACE METADATA_RETURN (231, 'tests.test_mo2_bootstrap_cli.Mo2BootstrapCliTests.test_create_and_adopt_report_a_receipt_promoted_before_reload_failure', 'C:\\Users\\red\\Desktop\\Modlab', 'staging ancestor', 646928465317719174, 1125899907162052, 16895, 16384, 16, 4096, 1788326616564067100, 1788075911141757200)
TRACE METADATA_RETURN (232, 'tests.test_mo2_bootstrap_cli.Mo2BootstrapCliTests.test_create_and_adopt_report_a_receipt_promoted_before_reload_failure', 'C:\\Users\\red\\Desktop', 'staging ancestor', 646928465317719174, 562949953421844, 16749, 16384, 17, 8192, 1788503997123847000, 1788053565644439300)
TRACE METADATA_RETURN (233, 'tests.test_mo2_bootstrap_cli.Mo2BootstrapCliTests.test_create_and_adopt_report_a_receipt_promoted_before_reload_failure', 'C:\\Users\\red', 'staging ancestor', 646928465317719174, 844424930132489, 16895, 16384, 16, 8192, 1788075882856608700, 1788053565642646400)
TRACE METADATA_RETURN (234, 'tests.test_mo2_bootstrap_cli.Mo2BootstrapCliTests.test_create_and_adopt_report_a_receipt_promoted_before_reload_failure', 'C:\\Users', 'staging ancestor', 646928465317719174, 281474976714401, 16749, 16384, 17, 4096, 1788054538033586400, 1711956076184434800)
TRACE METADATA_RETURN (235, 'tests.test_mo2_bootstrap_cli.Mo2BootstrapCliTests.test_create_and_adopt_report_a_receipt_promoted_before_reload_failure', 'C:\\', 'staging ancestor', 646928465317719174, 1407374883553285, 16895, 16384, 22, 8192, 1788382507878463000, 1788125245406314100)
TRACE METADATA_RETURN (236, 'tests.test_mo2_bootstrap_cli.Mo2BootstrapCliTests.test_create_and_adopt_report_a_receipt_promoted_before_reload_failure', 'C:\\Users\\red\\Desktop\\Modlab\\.worktrees\\mo2-guard-bridge-handshake\\nt\\tmpnetpco3e\\ModLab\\workspace\\tools\\mo2\\skyrim-se-ae', 'restored target', 646928465317719174, 8162774324789677, 16895, 16384, 16, 4096, 1788504784891658200, 1788504784885645100)

  test_create_and_adopt_report_a_receipt_promoted_before_reload_failure (tests.test_mo2_bootstrap_cli.Mo2BootstrapCliTests.test_create_and_adopt_report_a_receipt_promoted_before_reload_failure) (disposition='Create') ... FAIL
test_expected_apply_refusals_are_clean_action_free_results (tests.test_mo2_bootstrap_cli.Mo2BootstrapCliTests.test_expected_apply_refusals_are_clean_action_free_results) ... ok
test_invalid_schema_and_unsupported_release_exit_two (tests.test_mo2_bootstrap_cli.Mo2BootstrapCliTests.test_invalid_schema_and_unsupported_release_exit_two) ... ok
test_invalid_typed_identifiers_exit_two_without_service_calls (tests.test_mo2_bootstrap_cli.Mo2BootstrapCliTests.test_invalid_typed_identifiers_exit_two_without_service_calls) ... ok
test_parser_has_exact_preview_apply_and_recover_tree (tests.test_mo2_bootstrap_cli.Mo2BootstrapCliTests.test_parser_has_exact_preview_apply_and_recover_tree) ... ok
test_preview_dispatch_and_steam_fallback (tests.test_mo2_bootstrap_cli.Mo2BootstrapCliTests.test_preview_dispatch_and_steam_fallback) ... ok
test_real_changed_precondition_reports_completed_archive_actions (tests.test_mo2_bootstrap_cli.Mo2BootstrapCliTests.test_real_changed_precondition_reports_completed_archive_actions) ... ok
test_real_post_activation_refusal_reports_recovery_job_and_actions (tests.test_mo2_bootstrap_cli.Mo2BootstrapCliTests.test_real_post_activation_refusal_reports_recovery_job_and_actions) ... FAIL
test_real_post_quarantine_failure_reports_both_recovery_paths (tests.test_mo2_bootstrap_cli.Mo2BootstrapCliTests.test_real_post_quarantine_failure_reports_both_recovery_paths) ... ok
test_unexpected_service_exception_remains_visible (tests.test_mo2_bootstrap_cli.Mo2BootstrapCliTests.test_unexpected_service_exception_remains_visible) ... ok
test_already_managed_apply_is_an_honest_no_op (tests.test_mo2_bootstrap_cli.Mo2BootstrapRenderingTests.test_already_managed_apply_is_an_honest_no_op) ... ok
test_apply_json_exposes_exact_journal_receipt_and_actions (tests.test_mo2_bootstrap_cli.Mo2BootstrapRenderingTests.test_apply_json_exposes_exact_journal_receipt_and_actions) ... ok
test_preview_json_has_complete_evidence_and_only_plan_write (tests.test_mo2_bootstrap_cli.Mo2BootstrapRenderingTests.test_preview_json_has_complete_evidence_and_only_plan_write) ... ok
test_real_adopt_and_already_managed_results_are_manager_no_ops (tests.test_mo2_bootstrap_cli.Mo2BootstrapRenderingTests.test_real_adopt_and_already_managed_results_are_manager_no_ops) ... ok
test_real_create_result_satisfies_renderer_contract (tests.test_mo2_bootstrap_cli.Mo2BootstrapRenderingTests.test_real_create_result_satisfies_renderer_contract) ... ERROR
test_real_finalized_recovery_satisfies_renderer_contract (tests.test_mo2_bootstrap_cli.Mo2BootstrapRenderingTests.test_real_finalized_recovery_satisfies_renderer_contract) ... ERROR
test_recovery_json_and_text_report_recovered_without_invented_actions (tests.test_mo2_bootstrap_cli.Mo2BootstrapRenderingTests.test_recovery_json_and_text_report_recovered_without_invented_actions) ... ok
test_text_leads_with_outcome_and_ends_with_precise_launch_claim (tests.test_mo2_bootstrap_cli.Mo2BootstrapRenderingTests.test_text_leads_with_outcome_and_ends_with_precise_launch_claim) ... ok
test_verified_recovery_text_reports_the_receipt_mode (tests.test_mo2_bootstrap_cli.Mo2BootstrapRenderingTests.test_verified_recovery_text_reports_the_receipt_mode) ... ok

======================================================================
ERROR: test_real_create_result_satisfies_renderer_contract (tests.test_mo2_bootstrap_cli.Mo2BootstrapRenderingTests.test_real_create_result_satisfies_renderer_contract)
----------------------------------------------------------------------
Traceback (most recent call last):
  File "C:\Users\red\Desktop\Modlab\.worktrees\mo2-guard-bridge-handshake\tests\test_mo2_bootstrap_cli.py", line 270, in test_real_create_result_satisfies_renderer_contract
    result = self._apply_live_fixture()
             ^^^^^^^^^^^^^^^^^^^^^^^^^^
  File "C:\Users\red\Desktop\Modlab\.worktrees\mo2-guard-bridge-handshake\tests\test_mo2_bootstrap_cli.py", line 111, in _apply_live_fixture
    return apply_mo2_setup(
           ^^^^^^^^^^^^^^^^
  File "C:\Users\red\Desktop\Modlab\.worktrees\mo2-guard-bridge-handshake\modlab\workflows\skyrim\mo2_bootstrap.py", line 714, in apply_mo2_setup
    raise _refusal_with_failure(error, failure) from error
  File "C:\Users\red\Desktop\Modlab\.worktrees\mo2-guard-bridge-handshake\modlab\workflows\skyrim\mo2_bootstrap.py", line 696, in apply_mo2_setup
    return _apply_collected_mo2_setup(
           ^^^^^^^^^^^^^^^^^^^^^^^^^^^
  File "C:\Users\red\Desktop\Modlab\.worktrees\mo2-guard-bridge-handshake\modlab\workflows\skyrim\mo2_bootstrap.py", line 741, in _apply_collected_mo2_setup
    return _apply_create_plan(
           ^^^^^^^^^^^^^^^^^^^
  File "C:\Users\red\Desktop\Modlab\.worktrees\mo2-guard-bridge-handshake\modlab\workflows\skyrim\mo2_bootstrap.py", line 2763, in _apply_create_plan
    raise _refusal_with_failure(refusal, failure) from error
modlab.workflows.skyrim.mo2_bootstrap.Mo2BootstrapRefusal: MO2 creation requires recovery: staged instance root identity changed: C:\Users\red\Desktop\Modlab\.worktrees\mo2-guard-bridge-handshake\nt\tmprvtdqk5m\ModLab\workspace\tools\mo2\.saerukz4jvpg66ajdivtytk6n54

======================================================================
ERROR: test_real_finalized_recovery_satisfies_renderer_contract (tests.test_mo2_bootstrap_cli.Mo2BootstrapRenderingTests.test_real_finalized_recovery_satisfies_renderer_contract)
----------------------------------------------------------------------
Traceback (most recent call last):
  File "C:\Users\red\Desktop\Modlab\.worktrees\mo2-guard-bridge-handshake\tests\test_mo2_bootstrap_cli.py", line 304, in test_real_finalized_recovery_satisfies_renderer_contract
    self._apply_live_fixture()
  File "C:\Users\red\Desktop\Modlab\.worktrees\mo2-guard-bridge-handshake\tests\test_mo2_bootstrap_cli.py", line 111, in _apply_live_fixture
    return apply_mo2_setup(
           ^^^^^^^^^^^^^^^^
  File "C:\Users\red\Desktop\Modlab\.worktrees\mo2-guard-bridge-handshake\modlab\workflows\skyrim\mo2_bootstrap.py", line 714, in apply_mo2_setup
    raise _refusal_with_failure(error, failure) from error
  File "C:\Users\red\Desktop\Modlab\.worktrees\mo2-guard-bridge-handshake\modlab\workflows\skyrim\mo2_bootstrap.py", line 696, in apply_mo2_setup
    return _apply_collected_mo2_setup(
           ^^^^^^^^^^^^^^^^^^^^^^^^^^^
  File "C:\Users\red\Desktop\Modlab\.worktrees\mo2-guard-bridge-handshake\modlab\workflows\skyrim\mo2_bootstrap.py", line 741, in _apply_collected_mo2_setup
    return _apply_create_plan(
           ^^^^^^^^^^^^^^^^^^^
  File "C:\Users\red\Desktop\Modlab\.worktrees\mo2-guard-bridge-handshake\modlab\workflows\skyrim\mo2_bootstrap.py", line 2763, in _apply_create_plan
    raise _refusal_with_failure(refusal, failure) from error
modlab.workflows.skyrim.mo2_bootstrap.Mo2BootstrapRefusal: MO2 creation requires recovery: staged instance root identity changed: C:\Users\red\Desktop\Modlab\.worktrees\mo2-guard-bridge-handshake\nt\tmpybidcged\ModLab\workspace\tools\mo2\.saerukz4jvpg66ajdivtytk6n54

======================================================================
FAIL: test_create_and_adopt_report_a_receipt_promoted_before_reload_failure (tests.test_mo2_bootstrap_cli.Mo2BootstrapCliTests.test_create_and_adopt_report_a_receipt_promoted_before_reload_failure) (disposition='Create')
----------------------------------------------------------------------
Traceback (most recent call last):
  File "C:\Users\red\Desktop\Modlab\.worktrees\mo2-guard-bridge-handshake\tests\test_mo2_bootstrap_cli.py", line 774, in test_create_and_adopt_report_a_receipt_promoted_before_reload_failure
    self.assertTrue(
AssertionError: False is not true

======================================================================
FAIL: test_real_post_activation_refusal_reports_recovery_job_and_actions (tests.test_mo2_bootstrap_cli.Mo2BootstrapCliTests.test_real_post_activation_refusal_reports_recovery_job_and_actions)
----------------------------------------------------------------------
Traceback (most recent call last):
  File "C:\Users\red\Desktop\Modlab\.worktrees\mo2-guard-bridge-handshake\tests\test_mo2_bootstrap_cli.py", line 609, in test_real_post_activation_refusal_reports_recovery_job_and_actions
    self.assertEqual("post-activation-not-ready", setup["code"])
AssertionError: 'post-activation-not-ready' != 'recovery-required'
- post-activation-not-ready
+ recovery-required


----------------------------------------------------------------------
Ran 75 tests in 20.410s

FAILED (failures=2, errors=2, skipped=2)
TRACE TEST_RESULT testsRun=75 failures=2 errors=2 skipped=2 successful=False
=== TEST EXIT 1 ===
